Abrines;Alex;Oklahoma City Thunder;Al-Ar;1.98;86.2 kg;0;Espanha;5;1;1;8;0;8;16;0;4;2;34;8;29;4;75;0;0;4;1;4;0;0;0;0;0;01;6;4;8
Acy;Quincy;Brooklyn Nets;Al;2.01;108.9 kg;4;Estados Unidos;0;0;0;0;0;0;0;0;0;0;0;0;0;0;0;0;0;0;0;0;0;0;0;0;0
Adams;Steven;Oklahoma City Thunder;P;2.13;115.7 kg;3;Nova Zelândia;5;5;6;8;1;4;31;415;0;64;3;0;0;36;4;3;4;3;4;1;2;1;8;0;82;8;8;0
Afflalo;Arron;Sacramento Kings;Ar;1.96;95.3 kg;9;Estados Unidos;0;0;0;0;0;0;0;0;0;0;0;0;0;0;0;0;0;0;0;0;0;0;0;0;0
Ajinca;Alexis;Nova Orleans Pelicans;P;2.18;112.5 kg;6;França;0;0;0;0;0;0;0;0;0;0;0;0;0;0;0;0;0;0;0;0;0;0;0;0;0
Aldrich;Cole;Minnesota Timberwolves;P;2.11;113.4 kg;6;Estados Unidos;0;0;0;0;0;0;0;0;0;0;0;0;0;0;0;0;0;0;0;0;0;0;0;0;0
Aldridge;LaMarcus;San Antonio Spurs;Al;2.11;117.9 kg;10;Estados Unidos;0;0;0;0;0;0;0;0;0;0;0;0;0;0;0;0;0;0;0;0;0;0;0;0;0
Allen;Lavoy;Indiana Pacers;Al-P;2.06;117.9 kg;5;Estados Unidos;3;1;0;7;0;0;3;7;0;3;0;0;0;0;0;0;0;0;0;7;0;0;0;0;0;30;0;0;0
Allen;Tony;Memphis Grizzlies;Al-Ar;1.93;96.6 kg;12;Estados Unidos;1;1;0;0;0;0;0;0;0;0;0;0;0;0;0;0;0;0;0;0;0;0;0;0;0;0;0;0;0;0
Aminu;Al-Farouq;Portland Trail Blazers;Al;2.06;99.8 kg;6;Estados Unidos;4;1;6;5;1;0;28;313;045;941;2;63;6;1;3;5;3;0;8;1;0;2;32;312;0
Anderson;Alan;LA Clippers;Al/Ar;1.98;99.8 kg;7;Estados Unidos;1;1;0;0;0;0;0;0;0;0;0;0;0;0;0;0;0;0;0;0;0;0;0;0;0;0;0;0;0
Anderson;Justin;Filadélfia Sixers;Al-Ar;1.98;103.4 kg;1;Estados Unidos;0;0;0;0;0;0;0;0;0;0;0;0;0;0;0;0;0;0;0;0;0;0;0;0;0
Anderson;Kyle;San Antonio Spurs;Al-Ar;2.06;104.3 kg;2;Estados Unidos;7;1;1;4;0;6;9;6;4;9;70;6;50;0;71;4;0;4;1;0;0;3;0;1;0;90;3;4;3
Anderson;Ryan;Houston Rockets;Al;2.08;108.9 kg;8;Estados Unidos;7;7;5;7;0;9;30;411;4;40;0;28;2;100;0;1;7;4;0;0;4;0;3;0;61;9;9;9
Antetokounmpo;Giannis;Milwaukee Bucks;Al/Ar;2.11;100.7 kg;3;Grécia;6;6;9;5;4;0;40;526;753;640;0;54;3;1;7;7;8;2;2;1;7;3;33;524;8
Anthony;Carmelo;Nova York Knicks;Al;2.03;108.9 kg;13;Estados Unidos;0;0;0;0;0;0;0;0;0;0;0;0;0;0;0;0;0;0;0;0;0;0;0;0;0
Anthony;Joel;San Antonio Spurs;P;2.06;111.1 kg;9;Canadá;1;1;0;0;0;0;0;0;0;0;0;0;0;0;0;0;0;0;0;0;0;0;0;0;0;0;0;0;0
Ariza;Trevor;Houston Rockets;Al;2.03;97.5 kg;12;Estados Unidos;7;7;4;6;1;6;36;310;1;37;3;26;7;100;0;0;7;3;9;1;3;0;1;0;92;7;8;0
Arthur;Darrell;Denver Nuggets;Al;2.06;106.6 kg;7;Estados Unidos;0;0;0;0;0;0;0;0;0;0;0;0;0;0;0;0;0;0;0;0;0;0;0;0;0
Asik;Omer;Nova Orleans Pelicans;P;2.13;115.7 kg;6;Turquia;0;0;0;0;0;0;0;0;0;0;0;0;0;0;0;0;0;0;0;0;0;0;0;0;0
Augustin;D.J.;Orlando Magic;Ar;1.83;83.0 kg;8;Estados Unidos;0;0;0;0;0;0;0;0;0;0;0;0;0;0;0;0;0;0;0;0;0;0;0;0;0
Babbitt;Luke;Miami Heat;Al;2.06;102.1 kg;6;Estados Unidos;0;0;0;0;0;0;0;0;0;0;0;0;0;0;0;0;0;0;0;0;0;0;0;0;0
Baker;Ron;Nova York Knicks;Ar;1.93;99.8 kg;0;Estados Unidos;0;0;0;0;0;0;0;0;0;0;0;0;0;0;0;0;0;0;0;0;0;0;0;0;0
Baldwin;IV;Memphis Grizzlies;Ar;1.93;91.6 kg;0;Estados Unidos;0;0;0;0;0;0;0;0;0;0;0;0;0;0;0;0;0;0;0;0;0;0;0;0;0
Barbosa;Leandro;Phoenix Suns;Ar;1.90;88.0 kg;13;Brasil;0;0;0;0;0;0;0;0;0;0;0;0;0;0;0;0;0;0;0;0;0;0;0;0;0
Barea;J.J.;Dallas Mavericks;Ar;1.83;83.9 kg;10;Porto Rico;0;0;0;0;0;0;0;0;0;0;0;0;0;0;0;0;0;0;0;0;0;0;0;0;0
Barnes;Harrison;Dallas Mavericks;Al;2.03;102.1 kg;4;Estados Unidos;0;0;0;0;0;0;0;0;0;0;0;0;0;0;0;0;0;0;0;0;0;0;0;0;0
Barnes;Matt;Golden State Warriors;Al;2.01;102.5 kg;13;Estados Unidos;1;1;0;0;1;0;4;0;0;0;0;0;0;0;0;0;0;0;0;0;0;0;0;0;0;01;0;0;0
Barton;Will;Denver Nuggets;Al-Ar;1.98;79.4 kg;4;Estados Unidos;0;0;0;0;0;0;0;0;0;0;0;0;0;0;0;0;0;0;0;0;0;0;0;0;0
Bass;Brandon;LA Clippers;Al;2.03;113.4 kg;11;Estados Unidos;1;1;1;0;0;0;4;0;2;0;33;3;0;0;0;0;1;0;0;0;1;0;0;0;0;0;0;2;0
Batum;Nicolas;Charlotte Hornets;Ar;2.03;90.7 kg;8;França;0;0;0;0;0;0;0;0;0;0;0;0;0;0;0;0;0;0;0;0;0;0;0;0;0
Bayless;Jerryd;Filadélfia Sixers;Ar;1.90;90.7 kg;8;Estados Unidos;0;0;0;0;0;0;0;0;0;0;0;0;0;0;0;0;0;0;0;0;0;0;0;0;0
Baynes;Aron;Detroit Pistons;Al-P;2.08;117.9 kg;4;Austrália;0;0;0;0;0;0;0;0;0;0;0;0;0;0;0;0;0;0;0;0;0;0;0;0;0
Bazemore;Kent;Atlanta Hawks;Al/Ar;1.96;91.2 kg;4;Estados Unidos;6;1;3;8;3;3;25;0;9;8;39;6;29;2;71;4;0;7;3;2;0;7;0;8;2;72;5;9;8
Beal;Bradley;Washington Wizards;Ar;1.96;93.9 kg;4;Estados Unidos;8;8;3;5;2;6;39;818;144;527;5;75;6;1;0;2;5;2;0;0;8;2;62;924;5
Beasley;Malik;Denver Nuggets;Ar;1.96;88.9 kg;0;Estados Unidos;0;0;0;0;0;0;0;0;0;0;0;0;0;0;0;0;0;0;0;0;0;0;0;0;0
Beasley;Michael;Milwaukee Bucks;Al;2.08;106.6 kg;8;Estados Unidos;4;1;2;3;0;3;12;0;2;5;35;0;60;0;0;0;0;5;1;8;0;3;0;3;0;52;0;4;3
Belinelli;Marco;Charlotte Hornets;Al-Ar;1.96;95.3 kg;9;Itália;0;0;0;0;0;0;0;0;0;0;0;0;0;0;0;0;0;0;0;0;0;0;0;0;0
Bembry;DeAndre';Atlanta Hawks;Al/Ar;1.98;95.3 kg;0;Estados Unidos;0;0;0;0;0;0;0;0;0;0;0;0;0;0;0;0;0;0;0;0;0;0;0;0;0
Bender;Dragan;Phoenix Suns;Al;2.16;102.1 kg;0;Bosnia;0;0;0;0;0;0;0;0;0;0;0;0;0;0;0;0;0;0;0;0;0;0;0;0;0
Bertans;Davis;San Antonio Spurs;Al;2.08;95.3 kg;0;Letônia;7;1;1;3;0;4;8;9;2;1;29;4;33;3;50;0;0;3;1;0;0;0;0;3;0;30;4;2;3
Beverley;Patrick;Houston Rockets;Ar;1.85;83.9 kg;4;Estados Unidos;7;7;5;7;3;1;27;413;3;40;8;37;5;70;0;1;6;4;1;1;6;0;1;1;93;711;0
Biyombo;Bismack;Orlando Magic;Al-P;2.06;115.7 kg;5;Democratic Republic of the Congo;0;0;0;0;0;0;0;0;0;0;0;0;0;0;0;0;0;0;0;0;0;0;0;0;0
Bjelica;Nemanja;Minnesota Timberwolves;Al;2.08;102.1 kg;1;Sérvia;0;0;0;0;0;0;0;0;0;0;0;0;0;0;0;0;0;0;0;0;0;0;0;0;0
Black;Tarik;Los Angeles Lakers;Al-P;2.06;113.4 kg;2;Estados Unidos;0;0;0;0;0;0;0;0;0;0;0;0;0;0;0;0;0;0;0;0;0;0;0;0;0
Bledsoe;Eric;Phoenix Suns;Ar;1.85;93.0 kg;6;Estados Unidos;0;0;0;0;0;0;0;0;0;0;0;0;0;0;0;0;0;0;0;0;0;0;0;0;0
Bogdanovic;Bojan;Washington Wizards;Ar;2.03;102.1 kg;2;Bosnia;8;1;4;0;0;4;19;6;9;0;39;6;33;3;85;0;0;8;3;3;0;6;0;1;0;31;4;8;5
Bolomboy;Joel;Utah Jazz;Al;2.06;106.6 kg;0;Rússia;1;1;1;0;0;0;5;0;5;0;100;0;0;0;0;0;0;0;1;0;0;0;0;0;0;0;0;4;0
Booker;Devin;Phoenix Suns;Ar;1.98;93.4 kg;1;Estados Unidos;0;0;0;0;0;0;0;0;0;0;0;0;0;0;0;0;0;0;0;0;0;0;0;0;0
Booker;Trevor;Brooklyn Nets;Al;2.03;103.4 kg;6;Estados Unidos;0;0;0;0;0;0;0;0;0;0;0;0;0;0;0;0;0;0;0;0;0;0;0;0;0
Bosh;Chris;Miami Heat;Al;2.11;106.6 kg;13;Estados Unidos;0;0;0;0;0;0;0;0;0;0;0;0;0;0;0;0;0;0;0;0;0;0;0;0;0
Bradley;Avery;Boston Celtics;Ar;1.88;81.6 kg;6;Estados Unidos;8;8;4;1;2;9;36;315;044;738;2;55;6;1;6;2;5;1;9;0;3;1;82;116;0
Brewer;Corey;Los Angeles Lakers;Al;2.06;84.4 kg;9;Estados Unidos;0;0;0;0;0;0;0;0;0;0;0;0;0;0;0;0;0;0;0;0;0;0;0;0;0
Brogdon;Malcolm;Milwaukee Bucks;Ar;1.96;97.5 kg;0;Estados Unidos;6;6;4;3;3;5;30;510;2;40;0;47;6;0;0;0;5;3;8;0;5;0;3;2;02;0;9;0
Brooks;Aaron;Indiana Pacers;Ar;1.83;73.0 kg;8;Estados Unidos;1;1;1;0;1;0;7;0;5;0;66;7;50;0;0;0;0;0;1;0;0;0;0;0;1;0;0;5;0
Brown;Bobby;Houston Rockets;Ar;1.88;79.4 kg;2;Estados Unidos;3;1;0;7;0;3;4;3;2;7;40;0;50;0;0;0;0;0;0;7;0;0;0;0;0;0;3;3;7
Brown;Jaylen;Boston Celtics;Al;2.01;102.1 kg;0;Estados Unidos;7;1;1;1;0;6;6;9;3;0;55;6;33;3;0;0;0;1;1;0;0;0;0;0;0;60;6;3;
Brussino;Nicolas;Dallas Mavericks;Al;2.03;97.5 kg;0;Argentina;0;0;0;0;0;0;0;0;0;0;0;0;0;0;0;0;0;0;0;0;0;0;0;0;0
Bullock;Reggie;Detroit Pistons;Al;2.01;93.0 kg;3;Estados Unidos;0;0;0;0;0;0;0;0;0;0;0;0;0;0;0;0;0;0;0;0;0;0;0;0;0
Burke;Trey;Washington Wizards;Ar;1.85;86.6 kg;3;Estados Unidos;1;1;0;0;0;0;0;0;0;0;0;0;0;0;0;0;0;0;0;0;0;0;0;0;0;0;0;0;0
Burks;Alec;Utah Jazz;Ar;1.98;97.1 kg;5;Estados Unidos;1;1;0;0;0;0;0;0;0;0;0;0;0;0;0;0;0;0;0;0;0;0;0;0;0;0;0;0;0
Butler;Jimmy;Chicago Bulls;Al;2.01;104.8 kg;5;Estados Unidos;6;6;7;3;4;3;39;822;542;626;1;80;9;1;5;5;8;1;7;0;8;2;51;722;7
Caboclo;Bruno;Toronto Raptors;Al;2.06;93.0 kg;2;Brasil;1;1;0;0;0;0;0;0;0;0;0;0;0;0;0;0;0;0;0;0;0;0;0;0;0;0;0;0;0
Calderon;Jose;Atlanta Hawks;Ar;1.90;90.7 kg;11;Espanha;6;1;1;3;2;2;12;5;5;7;47;8;33;3;0;0;0;3;1;0;0;3;0;2;0;71;5;4;3
Caldwell-Pope;Kentavious;Detroit Pistons;Ar;1.96;93.0 kg;3;Estados Unidos;0;0;0;0;0;0;0;0;0;0;0;0;0;0;0;0;0;0;0;0;0;0;0;0;0
Canaan;Isaiah;Chicago Bulls;Ar;1.83;91.2 kg;3;Estados Unidos;3;2;1;3;1;3;31;7;8;7;50;0;35;7;66;7;0;0;1;3;1;0;0;0;1;72;011;7
Capela;Clint;Houston Rockets;P;2.08;108.9 kg;2;Suíça;7;7;7;0;1;0;23;016;9;62;5;0;0;60;0;2;1;4;9;0;6;2;4;0;71;910;3
Carroll;DeMarre;Toronto Raptors;Al;2.03;96.2 kg;7;Estados Unidos;0;0;0;0;0;0;0;0;0;0;0;0;0;0;0;0;0;0;0;0;0;0;0;0;0
Carter;Vince;Memphis Grizzlies;Al-Ar;1.98;99.8 kg;18;Estados Unidos;6;6;3;3;1;5;32;5;9;0;47;6;40;0;100;0;0;7;2;7;0;3;0;0;1;72;5;9;2
Carter-Williams;Michael;Chicago Bulls;Ar;1.98;86.2 kg;3;Estados Unidos;5;1;0;8;1;2;10;6;2;0;40;0;0;0;50;0;0;2;0;6;0;4;0;2;1;21;2;2;8
Casspi;Omri;Minnesota Timberwolves;Al;2.06;102.1 kg;7;Israel;0;0;0;0;0;0;0;0;0;0;0;0;0;0;0;0;0;0;0;0;0;0;0;0;0
Cauley;Stein;Sacramento Kings;P;2.13;108.9 kg;1;Estados Unidos;0;0;0;0;0;0;0;0;0;0;0;0;0;0;0;0;0;0;0;0;0;0;0;0;0
Chandler;Tyson;Phoenix Suns;P;2.16;108.9 kg;15;Estados Unidos;0;0;0;0;0;0;0;0;0;0;0;0;0;0;0;0;0;0;0;0;0;0;0;0;0
Chandler;Wilson;Denver Nuggets;Al;2.03;102.1 kg;8;Estados Unidos;0;0;0;0;0;0;0;0;0;0;0;0;0;0;0;0;0;0;0;0;0;0;0;0;0
Chriss;Marquese;Phoenix Suns;Al;2.08;105.7 kg;0;Estados Unidos;0;0;0;0;0;0;0;0;0;0;0;0;0;0;0;0;0;0;0;0;0;0;0;0;0
Christmas;Rakeem;Indiana Pacers;Al;2.06;113.4 kg;1;Estados Unidos;1;1;0;0;0;0;0;0;0;0;0;0;0;0;0;0;0;0;0;0;0;0;0;0;0;0;0;0;0
Christon;Semaj;Oklahoma City Thunder;Ar;1.90;86.2 kg;0;Estados Unidos;2;1;1;5;2;5;10;5;5;5;40;0;33;3;0;0;0;0;1;5;0;5;0;0;0;0;5;2;5
Clark;Ian;Golden State Warriors;Ar;1.90;79.4 kg;3;Estados Unidos;5;1;3;0;0;6;18;6;8;0;46;7;33;3;90;9;0;2;2;8;0;2;0;0;0;41;6;8;0
Clarkson;Jordan;Los Angeles Lakers;Ar;1.96;88.0 kg;2;Estados Unidos;0;0;0;0;0;0;0;0;0;0;0;0;0;0;0;0;0;0;0;0;0;0;0;0;0
Cole;Norris;Oklahoma City Thunder;Ar;1.88;79.4 kg;5;Estados Unidos;4;1;0;3;0;3;6;3;0;0;25;0;25;0;0;0;0;0;0;3;0;0;0;3;0;51;0;1;3
Collison;Darren;Sacramento Kings;Ar;1.83;79.4 kg;7;Estados Unidos;0;0;0;0;0;0;0;0;0;0;0;0;0;0;0;0;0;0;0;0;0;0;0;0;0
Collison;Nick;Oklahoma City Thunder;Al;2.08;115.7 kg;12;Estados Unidos;1;1;0;0;0;0;0;0;0;0;0;0;0;0;0;0;0;0;0;0;0;0;0;0;0;0;0;0;0
Conley;Mike;Memphis Grizzlies;Ar;1.85;79.4 kg;9;Estados Unidos;6;3;3;7;0;37;325;348;544;7;83;8;0;2;3;2;1;7;0;5;2;01;824;7
Connaughton;Pat;Portland Trail Blazers;Al-Ar;1.96;95.3 kg;1;Estados Unidos;3;1;2;3;1;3;8;0;3;7;22;2;0;0;100;0;3;2;0;0;0;0;0;0;0;0;2;3
Cook;Quinn;Nova Orleans Pelicans;Ar;1.88;81.2 kg;0;Estados Unidos;0;0;0;0;0;0;0;0;0;0;0;0;0;0;0;0;0;0;0;0;0;0;0;0;0
Cousins;DeMarcus;Nova Orleans Pelicans;Al-P;2.11;122.5 kg;6;Estados Unidos;0;0;0;0;0;0;0;0;0;0;0;0;0;0;0;0;0;0;0;0;0;0;0;0;0
Covington;Robert;Filadélfia Sixers;Al;2.06;97.5 kg;3;Estados Unidos;0;0;0;0;0;0;0;0;0;0;0;0;0;0;0;0;0;0;0;0;0;0;0;0;0
Crabbe;Allen;Portland Trail Blazers;Ar;1.98;97.5 kg;3;Estados Unidos;4;1;3;0;0;5;23;0;4;8;37;5;23;1;33;3;0;0;3;0;0;3;0;0;0;32;3;5;5
Crawford;Jamal;LA Clippers;Ar;1.96;88.5 kg;16;Estados Unidos;7;1;1;3;1;9;28;0;8;3;42;224;0100;0;3;1;0;0;6;0;1;1;31;712;6
Crawford;Jordan;Nova Orleans Pelicans;Ar;1.96;88.5 kg;4;Estados Unidos;0;0;0;0;0;0;0;0;0;0;0;0;0;0;0;0;0;0;0;0;0;0;0;0;0
Crowder;Jae;Boston Celtics;Al;1.98;106.6 kg;4;Estados Unidos;8;8;5;6;2;0;34;915;443;834;1;81;0;1;4;4;3;1;0;0;5;0;82;613;8
Cunningham;Dante;Nova Orleans Pelicans;Al;2.03;104.3 kg;7;Estados Unidos;0;0;0;0;0;0;0;0;0;0;0;0;0;0;0;0;0;0;0;0;0;0;0;0;0
Curry;Seth;Dallas Mavericks;Ar;1.88;83.9 kg;3;Estados Unidos;0;0;0;0;0;0;0;0;0;0;0;0;0;0;0;0;0;0;0;0;0;0;0;0;0
Curry;Stephen;Golden State Warriors;Ar;1.90;86.2 kg;7;Estados Unidos;5;5;5;6;6;2;33;028;247;340;8;89;2;1;0;4;6;1;8;0;6;3;61;628;2
Daniels;Troy;Memphis Grizzlies;Ar;1.93;93.0 kg;3;Estados Unidos;1;0;8;0;3;11;3;1;7;33;3;33;3;0;0;0;2;0;7;0;3;0;0;0;30;2;1;5
Davis;Anthony;Nova Orleans Pelicans;Al-P;2.11;114.8 kg;4;Estados Unidos;0;0;0;0;0;0;0;0;0;0;0;0;0;0;0;0;0;0;0;0;0;0;0;0;0
Davis;Deyonta;Memphis Grizzlies;Al;2.08;108.9 kg;0;Estados Unidos;1;1;7;0;0;3;7;3;0;60;0;0;0;50;0;0;7;1;0;0;0;0;0;0;0;7;2;3
Davis;Ed;Portland Trail Blazers;Al;2.08;111.1 kg;6;Estados Unidos;1;1;0;0;0;0;0;0;0;0;0;0;0;0;0;0;0;0;0;0;0;0;0;0;0;0;0;0;0
DeRozan;DeMar;Toronto Raptors;Ar;2.01;99.8 kg;7;Estados Unidos;0;0;0;0;0;0;0;0;0;0;0;0;0;0;0;0;0;0;0;0;0;0;0;0;0
Dedmon;Dewayne;San Antonio Spurs;P;2.13;111.1 kg;3;Estados Unidos;7;3;3;4;0;3;7;7;5;4;100;0;0;0;50;0;1;1;2;3;0;1;0;4;0;61;6;2;6
Dekker;Sam;Houston Rockets;Al;2.06;104.3 kg;1;Estados Unidos;2;1;1;5;0;5;5;5;2;0;20;0;50;0;0;0;1;0;0;5;0;5;0;0;0;0;0;1;5
Delaney;Malcolm;Atlanta Hawks;Ar;1.90;86.2 kg;0;Estados Unidos;1;1;1;0;0;0;3;0;8;0;100;0100;0;50;0;0;0;1;0;0;0;0;0;0;0;0;8;0
Dellavedova;Matthew;Milwaukee Bucks;Ar;1.93;89.8 kg;3;Austrália;6;1;2;0;2;0;26;5;6;2;39;0;37;5;80;0;0;2;1;8;0;2;0;0;1;20;8;7;7
Deng;Luol;Los Angeles Lakers;Al;2.06;99.8 kg;12;Grã-Bretanha;0;0;0;0;0;0;0;0;0;0;0;0;0;0;0;0;0;0;0;0;0;0;0;0;0
Diallo;Cheick;Nova Orleans Pelicans;Al;2.06;99.8 kg;0;Mali;0;0;0;0;0;0;0;0;0;0;0;0;0;0;0;0;0;0;0;0;0;0;0;0;0
Diaw;Boris;Utah Jazz;Al-P;2.03;113.4 kg;13;França;8;7;1;8;2;4;18;5;7;5;55;2;50;0;90;0;0;4;1;4;0;8;0;4;1;81;0;5;8
Dieng;Gorgui;Minnesota Timberwolves;Al-P;2.11;108.9 kg;3;Senegal;0;0;0;0;0;0;0;0;0;0;0;0;0;0;0;0;0;0;0;0;0;0;0;0;0
Dinwiddie;Spencer;Brooklyn Nets;Ar;1.98;90.7 kg;2;Estados Unidos;0;0;0;0;0;0;0;0;0;0;0;0;0;0;0;0;0;0;0;0;0;0;0;0;0
Dragic;Goran;Miami Heat;Ar;1.90;86.2 kg;8;Eslovênia;0;0;0;0;0;0;0;0;0;0;0;0;0;0;0;0;0;0;0;0;0;0;0;0;0
Drummond;Andre;Detroit Pistons;P;2.11;126.6 kg;4;Estados Unidos;0;0;0;0;0;0;0;0;0;0;0;0;0;0;0;0;0;0;0;0;0;0;0;0;0
Dudley;Jared;Phoenix Suns;Al;2.01;102.1 kg;9;Estados Unidos;0;0;0;0;0;0;0;0;0;0;0;0;0;0;0;0;0;0;0;0;0;0;0;0;0
Dunleavy;Mike;Atlanta Hawks;Al-Ar;2.06;104.3 kg;14;Estados Unidos;6;1;0;8;0;3;8;8;1;7;42;9;40;0;100;0;2;0;7;0;2;0;0;1;0;5;2;0
Dunn;Kris;Minnesota Timberwolves;Ar;1.93;93.0 kg;0;Estados Unidos;0;0;0;0;0;0;0;0;0;0;0;0;0;0;0;0;0;0;0;0;0;0;0;0;0
Durant;Kevin;Golden State Warriors;Al;2.06;108.9 kg;9;Estados Unidos;3;3;6;3;3;0;29;021;052;350;0;88;9;0;7;5;7;0;7;1;0;2;31;319;7
Ellenson;Henry;Detroit Pistons;Al;2.11;111.1 kg;0;Estados Unidos;0;0;0;0;0;0;0;0;0;0;0;0;0;0;0;0;0;0;0;0;0;0;0;0;0
Ellington;Wayne;Miami Heat;Ar;1.93;90.7 kg;7;Estados Unidos;0;0;0;0;0;0;0;0;0;0;0;0;0;0;0;0;0;0;0;0;0;0;0;0;0
Ellis;Monta;Indiana Pacers;Ar;1.90;83.9 kg;11;Estados Unidos;4;2;2;0;1;3;19;0;5;3;40;0;25;0;80;0;0;3;1;8;0;5;0;3;1;01;3;5;5
Embiid;Joel;Filadélfia Sixers;P;2.13;113.4 kg;0;Camarões;0;0;0;0;0;0;0;0;0;0;0;0;0;0;0;0;0;0;0;0;0;0;0;0;0
Ennis;Tyler;Los Angeles Lakers;Ar;1.90;88.0 kg;2;Canadá;0;0;0;0;0;0;0;0;0;0;0;0;0;0;0;0;0;0;0;0;0;0;0;0;0
Ennis;III;Memphis Grizzlies;Al;2.01;95.3 kg;2;Estados Unidos;0;0;0;0;0;0;0;0;0;0;0;0;0;0;0;0;0;0;0;0;0;0;0;0;0
Evans;Tyreke;Sacramento Kings;Al-Ar;1.98;99.8 kg;7;Estados Unidos;0;0;0;0;0;0;0;0;0;0;0;0;0;0;0;0;0;0;0;0;0;0;0;0;0
Exum;Dante;Utah Jazz;Ar;1.98;86.2 kg;1;Austrália;4;1;0;5;1;3;9;0;4;3;66;7;100;0;0;0;0;3;0;3;0;5;0;0;0;0;3;2;5
Ezeli;Festus;Portland Trail Blazers;P;2.11;120.2 kg;3;Nigéria;1;1;0;0;0;0;0;0;0;0;0;0;0;0;0;0;0;0;0;0;0;0;0;0;0;0;0;0;0
Faried;Kenneth;Denver Nuggets;Al;2.03;103.4 kg;5;Estados Unidos;0;0;0;0;0;0;0;0;0;0;0;0;0;0;0;0;0;0;0;0;0;0;0;0;0
Favors;Derrick;Utah Jazz;Al-P;2.08;120.2 kg;6;Estados Unidos;8;2;6;3;1;3;24;513;5;60;0;0;0;42;1;1;6;4;6;0;9;0;5;0;52;9;9;3
Felder;Kay;Cleveland Cavaliers;Ar;1.75;79.8 kg;0;Estados Unidos;1;1;0;0;0;0;0;0;0;0;0;0;0;0;0;0;0;0;0;0;0;0;0;0;0;0;0;0;0
Felicio;Cristiano;Chicago Bulls;Al-P;2.06;120.7 kg;1;Brasil;6;1;4;3;0;3;13;7;6;3;60;0;0;0;50;0;1;2;3;2;0;5;0;3;1;22;7;3;2
Felton;Raymond;LA Clippers;Ar;1.85;93.0 kg;11;Estados Unidos;7;1;1;4;1;4;18;1;6;4;46;9;44;4;100;0;0;3;1;1;0;9;0;0;0;41;4;5;6
Ferrell;Yogi;Dallas Mavericks;Ar;1.83;81.6 kg;0;Estados Unidos;0;0;0;0;0;0;0;0;0;0;0;0;0;0;0;0;0;0;0;0;0;0;0;0;0
Finney-Smith;Dorian;Dallas Mavericks;Al;2.03;99.8 kg;0;Estados Unidos;0;0;0;0;0;0;0;0;0;0;0;0;0;0;0;0;0;0;0;0;0;0;0;0;0
Forbes;Bryn;San Antonio Spurs;Ar;1.90;86.2 kg;0;Estados Unidos;1;1;1;0;0;0;9;0;5;0;66;7;50;0;0;0;0;0;1;0;0;0;0;0;0;03;0;5;0
Fournier;Evan;Orlando Magic;Ar;2.01;93.0 kg;4;França;0;0;0;0;0;0;0;0;0;0;0;0;0;0;0;0;0;0;0;0;0;0;0;0;0
Foye;Randy;Brooklyn Nets;Ar;1.93;98.9 kg;10;Estados Unidos;0;0;0;0;0;0;0;0;0;0;0;0;0;0;0;0;0;0;0;0;0;0;0;0;0
Frazier;Tim;Nova Orleans Pelicans;Ar;1.85;77.1 kg;2;Estados Unidos;0;0;0;0;0;0;0;0;0;0;0;0;0;0;0;0;0;0;0;0;0;0;0;0;0
Frye;Channing;Cleveland Cavaliers;Al;2.11;115.7 kg;10;Estados Unidos;6;1;2;3;1;2;15;311;2;55;9;52;0;85;7;0;0;2;3;0;3;0;5;0;01;3;9;5
Gallinari;Danilo;Denver Nuggets;Al;2.08;102.1 kg;7;Itália;0;0;0;0;0;0;0;0;0;0;0;0;0;0;0;0;0;0;0;0;0;0;0;0;0
Galloway;Langston;Sacramento Kings;Ar;1.88;90.7 kg;2;Estados Unidos;0;0;0;0;0;0;0;0;0;0;0;0;0;0;0;0;0;0;0;0;0;0;0;0;0
Garino;Patricio;Orlando Magic;Al-Ar;1.98;92.1 kg;0;Argentina;0;0;0;0;0;0;0;0;0;0;0;0;0;0;0;0;0;0;0;0;0;0;0;0;0
Gasol;Marc;Memphis Grizzlies;P;2.16;115.7 kg;8;Espanha;6;6;5;4;2;40;020;847;058;3;93;9;1;2;5;3;0;3;0;7;2;53;719;3
Gasol;Pau;San Antonio Spurs;P;2.13;113.4 kg;15;Espanha;8;1;6;6;1;4;23;9;10;1;37;0;35;7;66;7;2;3;4;4;0;4;0;8;0;81;9;6;4
Gay;Rudy;Sacramento Kings;Al;2.03;104.3 kg;10;Estados Unidos;0;0;0;0;0;0;0;0;0;0;0;0;0;0;0;0;0;0;0;0;0;0;0;0;0
Gbinije;Michael;Detroit Pistons;Al-Ar;2.01;90.7 kg;0;Estados Unidos;0;0;0;0;0;0;0;0;0;0;0;0;0;0;0;0;0;0;0;0;0;0;0;0;0
George;Paul;Indiana Pacers;Al;2.06;99.8 kg;6;Estados Unidos;4;4;8;8;7;3;43;028;538;642;9;86;7;1;3;7;5;1;8;0;5;3;33;328;0
Georges-Hunt;Marcus;Orlando Magic;Ar;1.98;99.8 kg;0;Estados Unidos;0;0;0;0;0;0;0;0;0;0;0;0;0;0;0;0;0;0;0;0;0;0;0;0;0
Gibson;Taj;Oklahoma City Thunder;Al;2.06;107.0 kg;7;Estados Unidos;5;5;3;6;0;6;23;6;9;6;60;0;0;0;87;5;0;6;3;0;0;2;0;0;1;62;6;9;8
Ginobili;Manu;San Antonio Spurs;Ar;1.98;93.0 kg;14;Argentina;8;1;2;5;1;9;15;4;4;9;27;0;15;8;100;0;1;0;1;5;1;0;0;1;0;81;0;3;5
Gobert;Rudy;Utah Jazz;P;2.16;111.1 kg;3;França;6;6;7;5;1;2;22;815;2;62;5;0;0;53;6;1;7;5;8;1;3;1;3;1;23;0;9;2
Goodwin;Archie;Brooklyn Nets;Ar;1.96;93.0 kg;3;Estados Unidos;0;0;0;0;0;0;0;0;0;0;0;0;0;0;0;0;0;0;0;0;0;0;0;0;0
Gordon;Aaron;Orlando Magic;Al;2.06;99.8 kg;2;Estados Unidos;0;0;0;0;0;0;0;0;0;0;0;0;0;0;0;0;0;0;0;0;0;0;0;0;0
Gordon;Eric;Houston Rockets;Ar;1.93;97.5 kg;8;Estados Unidos;6;1;4;3;2;0;31;713;343;837;8;75;0;0;5;3;8;0;7;0;7;1;02;513;2
Gortat;Marcin;Washington Wizards;P;2.11;108.9 kg;9;Polônia;8;8;10;9;2;1;33;618;8;51;7;0;0;53;8;4;1;6;8;0;4;2;1;1;03;3;8;6
Graham;Treveon;Charlotte Hornets;Al-Ar;1.98;102.5 kg;0;Estados Unidos;0;0;0;0;0;0;0;0;0;0;0;0;0;0;0;0;0;0;0;0;0;0;0;0;0
Grant;Jerami;Oklahoma City Thunder;Al;2.06;95.3 kg;2;Estados Unidos;5;1;3;8;0;8;22;211;2;61;3;33;3;85;7;1;4;2;4;0;2;0;4;0;61;4;9;2
Grant;Jerian;Chicago Bulls;Ar;1.93;89.8 kg;1;Estados Unidos;5;2;0;8;1;0;10;4;0;6;26;1;11;1;100;0;0;0;0;8;0;4;0;0;1;40;6;3;2
Green;Danny;San Antonio Spurs;Al-Ar;1.98;97.5 kg;7;Estados Unidos;8;8;2;9;1;0;24;8;6;8;39;2;29;7;50;0;0;8;2;1;0;5;0;8;0;92;0;6;9
Green;Draymond;Golden State Warriors;Al;2.01;104.3 kg;4;Estados Unidos;5;5;9;2;7;2;35;028;650;052;0;65;4;0;6;8;6;1;8;3;8;1;83;014;4
Green;Gerald;Boston Celtics;Al;2.01;93.0 kg;9;Estados Unidos;6;5;1;8;0;7;16;0;5;7;43;6;39;1;66;7;0;3;1;5;0;0;0;0;0;51;3;7;5
Green;JaMychal;Memphis Grizzlies;Al;2.06;103.0 kg;2;Estados Unidos;0;0;0;0;0;0;0;0;0;0;0;0;0;0;0;0;0;0;0;0;0;0;0;0;0
Green;Jeff;Orlando Magic;Al;2.06;106.6 kg;8;Estados Unidos;0;0;0;0;0;0;0;0;0;0;0;0;0;0;0;0;0;0;0;0;0;0;0;0;0
Griffin;Blake;LA Clippers;Al;2.08;113.9 kg;6;Estados Unidos;0;0;0;0;0;0;0;0;0;0;0;0;0;0;0;0;0;0;0;0;0;0;0;0;0
Hamilton;Justin;Brooklyn Nets;P;2.13;115.7 kg;2;Estados Unidos;0;0;0;0;0;0;0;0;0;0;0;0;0;0;0;0;0;0;0;0;0;0;0;0;0
Hammons;AJ;Dallas Mavericks;P;2.13;117.9 kg;0;Estados Unidos;0;0;0;0;0;0;0;0;0;0;0;0;0;0;0;0;0;0;0;0;0;0;0;0;0
Hardaway;Jr.;Atlanta Hawks;Ar;1.98;93.0 kg;3;Estados Unidos;0;0;0;0;0;0;0;0;0;0;0;0;0;0;0;0;0;0;0;0;0;0;0;0;0
Harden;James;Houston Rockets;Ar;1.96;99.8 kg;7;Estados Unidos;6;6;5;5;8;2;36;529;241;725;9;91;0;0;5;5;0;2;0;0;5;5;23;531;0
Harkless;Maurice;Portland Trail Blazers;Al;2.06;99.8 kg;4;Estados Unidos;4;4;3;3;0;8;24;8;7;3;29;4;16;7;87;5;1;8;1;5;1;3;1;3;0;33;5;7;3
Harrell;Montrezl;Houston Rockets;Al;2.03;108.9 kg;1;Estados Unidos;3;1;1;7;0;3;5;3;2;0;100;0;0;0;50;0;0;3;1;3;0;0;0;0;0;72;3;1;7
Harris;Devin;Dallas Mavericks;Ar;1.90;83.9 kg;12;Estados Unidos;0;0;0;0;0;0;0;0;0;0;0;0;0;0;0;0;0;0;0;0;0;0;0;0;0
Harris;Gary;Denver Nuggets;Ar;1.93;95.3 kg;2;Estados Unidos;0;0;0;0;0;0;0;0;0;0;0;0;0;0;0;0;0;0;0;0;0;0;0;0;0
Harris;Joe;Brooklyn Nets;Al/Ar;1.98;99.3 kg;2;Estados Unidos;0;0;0;0;0;0;0;0;0;0;0;0;0;0;0;0;0;0;0;0;0;0;0;0;0
Harris;Manny;Dallas Mavericks;Ar;1.96;83.9 kg;3;Estados Unidos;0;0;0;0;0;0;0;0;0;0;0;0;0;0;0;0;0;0;0;0;0;0;0;0;0
Harris;Tobias;Detroit Pistons;Al;2.06;106.6 kg;5;Estados Unidos;0;0;0;0;0;0;0;0;0;0;0;0;0;0;0;0;0;0;0;0;0;0;0;0;0
Harrison;Andrew;Memphis Grizzlies;Ar;1.98;96.6 kg;0;Estados Unidos;6;1;1;8;2;2;19;8;7;8;44;8;38;5;88;9;0;7;1;2;0;5;0;2;0;52;3;6;5
Haslem;Udonis;Miami Heat;Al;2.03;106.6 kg;13;Estados Unidos;0;0;0;0;0;0;0;0;0;0;0;0;0;0;0;0;0;0;0;0;0;0;0;0;0
Hawes;Spencer;Milwaukee Bucks;Al-P;2.16;111.1 kg;9;Estados Unidos;3;1;1;3;0;3;5;7;2;3;40;0;50;0;0;0;0;7;0;7;0;0;0;3;0;31;0;1;7
Hayward;Gordon;Utah Jazz;Al;2.03;102.5 kg;6;Estados Unidos;8;8;6;9;3;0;36;322;044;540;4;95;7;0;6;6;3;0;9;0;4;2;32;322;3
Henderson;Gerald;Filadélfia Sixers;Ar;1.96;97.5 kg;7;Estados Unidos;0;0;0;0;0;0;0;0;0;0;0;0;0;0;0;0;0;0;0;0;0;0;0;0;0
Henson;John;Milwaukee Bucks;Al-P;2.11;103.9 kg;4;Estados Unidos;2;1;2;0;0;0;6;0;2;0;25;0;0;0;100;01;0;1;0;0;5;0;0;0;50;5;1;5
Hernangomez;Juan;Denver Nuggets;Al;2.06;104.3 kg;0;Espanha;0;0;0;0;0;0;0;0;0;0;0;0;0;0;0;0;0;0;0;0;0;0;0;0;0
Hernangomez;Willy;Nova York Knicks;P;2.11;108.9 kg;0;Espanha;0;0;0;0;0;0;0;0;0;0;0;0;0;0;0;0;0;0;0;0;0;0;0;0;0
Hezonja;Mario;Orlando Magic;Al-Ar;2.03;98.9 kg;1;Croácia;0;0;0;0;0;0;0;0;0;0;0;0;0;0;0;0;0;0;0;0;0;0;0;0;0
Hibbert;Roy;Denver Nuggets;P;2.18;122.5 kg;8;Estados Unidos;0;0;0;0;0;0;0;0;0;0;0;0;0;0;0;0;0;0;0;0;0;0;0;0;0
Hield;Buddy;Sacramento Kings;Ar;1.93;97.1 kg;0;Bahamas;0;0;0;0;0;0;0;0;0;0;0;0;0;0;0;0;0;0;0;0;0;0;0;0;0
Hill;George;Utah Jazz;Ar;1.90;85.3 kg;8;Estados Unidos;8;8;4;1;3;6;35;114;646;938;7;72;4;1;0;3;1;0;3;0;1;1;63;115;6
Hill;Jordan;Minnesota Timberwolves;Al-P;2.08;108.9 kg;7;Estados Unidos;0;0;0;0;0;0;0;0;0;0;0;0;0;0;0;0;0;0;0;0;0;0;0;0;0
Hill;Solomon;Nova Orleans Pelicans;Al;2.01;102.1 kg;3;Estados Unidos;0;0;0;0;0;0;0;0;0;0;0;0;0;0;0;0;0;0;0;0;0;0;0;0;0
Hilliard;Darrun;Detroit Pistons;Al-Ar;1.98;93.0 kg;1;Estados Unidos;0;0;0;0;0;0;0;0;0;0;0;0;0;0;0;0;0;0;0;0;0;0;0;0;0
Holiday;Jrue;Nova Orleans Pelicans;Ar;1.93;93.0 kg;7;Estados Unidos;0;0;0;0;0;0;0;0;0;0;0;0;0;0;0;0;0;0;0;0;0;0;0;0;0
Holiday;Justin;Nova York Knicks;Ar;1.98;83.9 kg;3;Estados Unidos;0;0;0;0;0;0;0;0;0;0;0;0;0;0;0;0;0;0;0;0;0;0;0;0;0
Hollis;Jefferson;Brooklyn Nets;Al;2.01;97.1 kg;1;Estados Unidos;0;0;0;0;0;0;0;0;0;0;0;0;0;0;0;0;0;0;0;0;0;0;0;0;0
Holmes;Richaun;Filadélfia Sixers;Al;2.08;111.1 kg;1;Estados Unidos;0;0;0;0;0;0;0;0;0;0;0;0;0;0;0;0;0;0;0;0;0;0;0;0;0
Hood;Rodney;Utah Jazz;Ar;2.03;93.4 kg;2;Estados Unidos;8;1;2;8;0;8;24;5;7;1;39;2;30;8;68;8;0;1;2;6;0;5;0;0;0;92;510;6
Horford;Al;Boston Celtics;P;2.08;111.1 kg;9;República Dominicana;8;8;9;0;6;5;35;027;563;147;4;86;7;2;4;6;6;1;0;0;8;1;61;816;0
Howard;Dwight;Atlanta Hawks;P;2.11;120.2 kg;12;Estados Unidos;6;6;10;7;1;3;26;215;8;50;0;0;0;63;2;3;0;7;7;1;0;0;8;1;83;5;8;0
Huestis;Josh;Oklahoma City Thunder;Al;2.01;104.3 kg;1;Estados Unidos;1;1;0;0;0;0;0;0;0;0;0;0;0;0;0;0;0;0;0;0;0;0;0;0;0;0;0;0;0
Humphries;Kris;Atlanta Hawks;Al;2.06;106.6 kg;12;Estados Unidos;1;1;0;0;0;0;3;0;1;0;0;0;0;0;0;0;0;0;0;0;0;0;1;0;0;0;0;0;0
Ibaka;Serge;Toronto Raptors;Al;2.08;106.6 kg;7;Democratic Republic of the Congo;7;7;8;0;1;9;30;117;144;037;0;80;0;1;0;7;0;0;4;2;0;1;33;613;1
Iguodala;Andre;Golden State Warriors;Al-Ar;1.98;97.5 kg;12;Estados Unidos;5;1;5;4;4;6;28;8;12;4;36;4;0;0;81;8;0;4;5;0;0;6;0;2;0;41;6;6;6
Ilyasova;Ersan;Atlanta Hawks;Al;2.08;106.6 kg;8;Turquia;6;1;5;2;0;3;15;0;6;0;34;8;20;0;77;8;2;3;2;8;0;2;0;0;0;81;2;4;0
Ingles;Joe;Utah Jazz;Al;2.03;102.5 kg;2;Austrália;8;8;3;5;4;0;32;3;11;0;37;8;33;3;66;7;0;3;3;3;1;8;0;5;1;32;5;6;4
Ingram;Brandon;Los Angeles Lakers;Al;2.06;86.2 kg;0;Estados Unidos;0;0;0;0;0;0;0;0;0;0;0;0;0;0;0;0;0;0;0;0;0;0;0;0;0
Irving;Kyrie;Cleveland Cavaliers;Ar;1.90;87.5 kg;5;Austrália;5;5;2;2;4;4;34;417;642;225;0;85;2;0;4;1;8;1;2;0;8;2;62;225;0
Jackson;Demetrius;Boston Celtics;Ar;1.85;91.2 kg;0;Estados Unidos;1;1;0;0;0;0;0;0;0;0;0;0;0;0;0;0;0;0;0;0;0;0;0;0;0;0;0;0;0
Jackson;Reggie;Detroit Pistons;Ar;1.90;94.3 kg;5;Itália;0;0;0;0;0;0;0;0;0;0;0;0;0;0;0;0;0;0;0;0;0;0;0;0;0
James;LeBron;Cleveland Cavaliers;Al;2.03;113.4 kg;13;Estados Unidos;0;0;0;0;0;0;0;0;0;0;0;0;0;0;0;0;0;0;0;0;0;0;0;0;0
Jefferson;Al;Indiana Pacers;P;2.08;131.1 kg;12;Estados Unidos;1;1;0;0;0;0;0;0;0;0;0;0;0;0;0;0;0;0;0;0;0;0;0;0;0;0;0;0;0
Jefferson;Richard;Cleveland Cavaliers;Al;2.01;105.7 kg;15;Estados Unidos;4;1;0;5;0;5;9;8;1;5;40;0;50;0;50;0;0;3;0;3;0;3;0;0;0;31;3;1;8
Jennings;Brandon;Washington Wizards;Ar;1.85;77.1 kg;7;Estados Unidos;8;1;1;3;2;3;14;6;5;3;45;8;14;3;87;5;0;3;1;0;0;3;0;0;0;50;8;3;8
Jerebko;Jonas;Boston Celtics;Al;2.08;104.8 kg;6;Suécia;6;1;1;7;1;3;9;7;3;8;35;7;20;0;100;0;3;1;3;0;5;0;3;0;70;8;2;2
Johnson;Amir;Boston Celtics;Al;2.06;108.9 kg;11;Estados Unidos;5;3;1;2;0;2;9;2;1;8;38;5;0;0;33;3;1;0;0;2;0;2;0;6;0;61;8;2;2
Johnson;Brice;LA Clippers;Al;2.08;104.3 kg;0;Estados Unidos;1;1;0;0;0;0;0;0;0;0;0;0;0;0;0;0;0;0;0;0;0;0;0;0;0;0;0;0;0
Johnson;James;Miami Heat;Al;2.06;113.4 kg;7;Estados Unidos;0;0;0;0;0;0;0;0;0;0;0;0;0;0;0;0;0;0;0;0;0;0;0;0;0
Johnson;Joe;Utah Jazz;Al/Ar;2.01;108.9 kg;15;Estados Unidos;8;1;4;3;2;9;30;814;447;636;4;69;2;1;0;3;3;0;8;0;1;1;42;115;1
Johnson;Stanley;Detroit Pistons;Al;2.01;111.1 kg;1;Estados Unidos;0;0;0;0;0;0;0;0;0;0;0;0;0;0;0;0;0;0;0;0;0;0;0;0;0
Johnson;Tyler;Miami Heat;Ar;1.93;84.4 kg;2;Estados Unidos;0;0;0;0;0;0;0;0;0;0;0;0;0;0;0;0;0;0;0;0;0;0;0;0;0
Johnson;Wesley;LA Clippers;Al;2.01;97.5 kg;6;Estados Unidos;3;1;0;7;0;0;3;7;1;0;0;0;0;0;50;0;0;0;0;7;0;3;0;0;0;0;7;0;3
Jokic;Nikola;Denver Nuggets;Al-P;2.08;113.4 kg;1;Sérvia;0;0;0;0;0;0;0;0;0;0;0;0;0;0;0;0;0;0;0;0;0;0;0;0;0
Jones;Dahntay;Cleveland Cavaliers;Al-Ar;1.98;102.1 kg;12;Estados Unidos;3;1;0;0;0;0;1;7;0;3;100;0;0;0;0;0;0;0;0;0;0;0;0;0;0;31;0;0;7
Jones;Damian;Golden State Warriors;P;2.13;111.1 kg;0;Estados Unidos;1;1;5;0;0;6;0;2;0;33;3;0;0;50;0;1;5;0;0;0;0;0;5;0;01;5;1;5
Jones;James;Cleveland Cavaliers;Al-Ar;2.03;98.9 kg;13;Estados Unidos;2;1;0;0;0;0;1;0;-0;5;0;0;0;0;0;0;0;0;0;0;0;0;0;0;0;50;0;0;0
Jones;Tyus;Minnesota Timberwolves;Ar;1.88;88.5 kg;1;Estados Unidos;0;0;0;0;0;0;0;0;0;0;0;0;0;0;0;0;0;0;0;0;0;0;0;0;0
Jones;Jr.;Phoenix Suns;Al;2.01;86.2 kg;0;Estados Unidos;0;0;0;0;0;0;0;0;0;0;0;0;0;0;0;0;0;0;0;0;0;0;0;0;0
Jordan;DeAndre;LA Clippers;P;2.11;120.2 kg;8;Estados Unidos;0;0;0;0;0;0;0;0;0;0;0;0;0;0;0;0;0;0;0;0;0;0;0;0;0
Joseph;Cory;Toronto Raptors;Ar;1.90;86.2 kg;5;Canadá;8;1;1;5;1;6;17;3;5;5;43;8;47;1;100;0;0;5;1;0;0;3;0;1;1;51;6;6;9
Kaminsky;Frank;Charlotte Hornets;P;2.13;108.9 kg;1;Estados Unidos;0;0;0;0;0;0;0;0;0;0;0;0;0;0;0;0;0;0;0;0;0;0;0;0;0
Kanter;Enes;Oklahoma City Thunder;P;2.11;111.1 kg;5;Suíça;5;1;1;8;0;2;9;0;4;0;38;5;0;0;100;0;0;6;1;2;0;0;0;8;0;41;6;4;8
Kelly;Ryan;Atlanta Hawks;Al;2.11;104.3 kg;3;Estados Unidos;1;1;0;0;0;0;0;0;0;0;0;0;0;0;0;0;0;0;0;0;0;0;0;0;0;0;0;0;0
Kidd-Gilchrist;Michael;Charlotte Hornets;Al;2.01;105.2 kg;4;Estados Unidos;0;0;0;0;0;0;0;0;0;0;0;0;0;0;0;0;0;0;0;0;0;0;0;0;0
Kilpatrick;Sean;Brooklyn Nets;Ar;1.93;99.3 kg;2;Estados Unidos;0;0;0;0;0;0;0;0;0;0;0;0;0;0;0;0;0;0;0;0;0;0;0;0;0
Knight;Brandon;Phoenix Suns;Ar;1.90;88.5 kg;5;Estados Unidos;0;0;0;0;0;0;0;0;0;0;0;0;0;0;0;0;0;0;0;0;0;0;0;0;0
Korver;Kyle;Cleveland Cavaliers;Ar;2.01;96.2 kg;13;Estados Unidos;6;1;1;7;1;0;17;7;5;2;38;5;38;1;100;0;0;3;1;3;0;7;0;0;0;50;7;5;0
Koufos;Kosta;Sacramento Kings;P;2.13;120.2 kg;8;Estados Unidos;0;0;0;0;0;0;0;0;0;0;0;0;0;0;0;0;0;0;0;0;0;0;0;0;0
Kuzminskas;Mindaugas;Nova York Knicks;Al;2.06;97.5 kg;0;Lituânia;0;0;0;0;0;0;0;0;0;0;0;0;0;0;0;0;0;0;0;0;0;0;0;0;0
LaVine;Zach;Minnesota Timberwolves;Ar;1.96;83.9 kg;2;Estados Unidos;0;0;0;0;0;0;0;0;0;0;0;0;0;0;0;0;0;0;0;0;0;0;0;0;0
Labissiere;Skal;Sacramento Kings;Al-P;2.11;102.1 kg;0;Haiti;0;0;0;0;0;0;0;0;0;0;0;0;0;0;0;0;0;0;0;0;0;0;0;0;0
Lamb;Jeremy;Charlotte Hornets;Ar;1.96;83.9 kg;4;Estados Unidos;0;0;0;0;0;0;0;0;0;0;0;0;0;0;0;0;0;0;0;0;0;0;0;0;0
Lauvergne;Joffrey;Chicago Bulls;Al-P;2.11;99.8 kg;2;França;3;1;3;0;1;7;8;7;6;3;36;4;0;0;100;0;1;7;1;3;0;0;0;0;0;70;3;4;7
Lawson;Ty;Sacramento Kings;Ar;1.80;88.5 kg;7;Estados Unidos;0;0;0;0;0;0;0;0;0;0;0;0;0;0;0;0;0;0;0;0;0;0;0;0;0
Layman;Jake;Portland Trail Blazers;Al;2.06;95.3 kg;0;Estados Unidos;2;1;0;5;0;5;8;0;3;0;50;0;100;0;50;0;0;0;0;5;0;5;0;0;0;01;0;3;0
LeVert;Caris;Brooklyn Nets;Al-Ar;2.01;92.1 kg;0;Estados Unidos;0;0;0;0;0;0;0;0;0;0;0;0;0;0;0;0;0;0;0;0;0;0;0;0;0
Lee;Courtney;Nova York Knicks;Ar;1.96;90.7 kg;8;Estados Unidos;0;0;0;0;0;0;0;0;0;0;0;0;0;0;0;0;0;0;0;0;0;0;0;0;0
Lee;David;San Antonio Spurs;Al-P;2.06;111.1 kg;11;Estados Unidos;8;4;4;8;0;9;21;3;8;9;53;6;0;0;73;3;1;6;3;1;0;3;0;4;0;42;1;5;1
Len;Alex;Phoenix Suns;P;2.16;117.9 kg;3;Ucrânia;0;0;0;0;0;0;0;0;0;0;0;0;0;0;0;0;0;0;0;0;0;0;0;0;0
Leonard;Kawhi;San Antonio Spurs;Al;2.01;104.3 kg;5;Estados Unidos;7;7;6;7;4;1;36;932;152;547;2;97;1;0;9;5;9;1;7;0;3;2;11;729;7
Leonard;Meyers;Portland Trail Blazers;Al-P;2.16;115.7 kg;4;Estados Unidos;3;1;2;7;0;3;10;3;1;0;20;0;0;0;0;0;0;7;2;0;0;0;0;0;1;32;0;0;7
Leuer;Jon;Detroit Pistons;Al;2.08;103.4 kg;5;Estados Unidos;0;0;0;0;0;0;0;0;0;0;0;0;0;0;0;0;0;0;0;0;0;0;0;0;0
Liggins;DeAndre;Dallas Mavericks;Ar;1.98;94.8 kg;3;Estados Unidos;0;0;0;0;0;0;0;0;0;0;0;0;0;0;0;0;0;0;0;0;0;0;0;0;0
Lillard;Damian;Portland Trail Blazers;Ar;1.90;88.5 kg;4;Estados Unidos;4;4;4;5;3;3;37;821;043;328;1;96;0;1;0;3;5;1;3;0;5;3;32;827;8
Lin;Jeremy;Brooklyn Nets;Ar;1.90;90.7 kg;6;Estados Unidos;0;0;0;0;0;0;0;0;0;0;0;0;0;0;0;0;0;0;0;0;0;0;0;0;0
Livingston;Shaun;Golden State Warriors;Ar;2.01;87.1 kg;11;Estados Unidos;2;1;3;0;1;0;18;0;9;5;83;3;0;0;100;0;1;0;2;0;0;5;0;5;0;52;0;5;5
Long;Shawn;Filadélfia Sixers;Al;2.06;115.7 kg;0;Estados Unidos;0;0;0;0;0;0;0;0;0;0;0;0;0;0;0;0;0;0;0;0;0;0;0;0;0
Looney;Kevon;Golden State Warriors;Al;2.06;99.8 kg;1;Estados Unidos;1;1;0;0;0;0;0;0;0;0;0;0;0;0;0;0;0;0;0;0;0;0;0;0;0;0;0;0;0
Lopez;Brook;Brooklyn Nets;P;2.13;121.6 kg;8;Estados Unidos;0;0;0;0;0;0;0;0;0;0;0;0;0;0;0;0;0;0;0;0;0;0;0;0;0
Lopez;Robin;Chicago Bulls;P;2.13;115.7 kg;8;Estados Unidos;6;6;7;2;0;8;27;017;865;4;0;0;100;04;7;2;5;0;5;1;0;1;32;212;7
Love;Kevin;Cleveland Cavaliers;Al;2.08;113.9 kg;8;Estados Unidos;5;5;9;2;1;8;32;818;840;742;9;85;7;1;4;7;8;0;4;0;8;2;22;416;0
Lowry;Kyle;Toronto Raptors;Ar;1.83;93.0 kg;10;Estados Unidos;7;7;3;4;6;0;38;717;644;430;6;82;1;0;4;3;0;1;7;0;6;2;13;315;1
Luwawu-Cabarrot;Timothe;Filadélfia Sixers;Al-Ar;1.98;93.0 kg;0;França;0;0;0;0;0;0;0;0;0;0;0;0;0;0;0;0;0;0;0;0;0;0;0;0;0
Lyles;Trey;Utah Jazz;Al;2.08;106.1 kg;1;Estados Unidos;1;1;1;0;1;0;6;0;8;0;75;0;50;0;0;0;0;0;1;0;1;0;0;0;1;01;0;7;0
Mack;Shelvin;Utah Jazz;Ar;1.90;92.1 kg;5;Estados Unidos;6;1;2;2;1;2;10;5;3;2;25;0;25;0;100;0;0;2;2;0;2;0;0;0;20;5;1;8
Mahinmi;Ian;Washington Wizards;P;2.11;118.8 kg;8;França;1;1;0;0;0;0;0;0;0;0;0;0;0;0;0;0;0;0;0;0;0;0;0;0;0;0;0;0;0
Maker;Thon;Milwaukee Bucks;Al-P;2.16;101.2 kg;0;South Sudan;6;6;3;2;2;0;19;3;8;8;38;7;20;0;81;8;1;3;1;8;0;8;1;8;1;33;0;5;8
Marjanovic;Boban;Detroit Pistons;P;2.21;131.5 kg;1;Sérvia;0;0;0;0;0;0;0;0;0;0;0;0;0;0;0;0;0;0;0;0;0;0;0;0;0
Martin;Jarell;Memphis Grizzlies;Al;2.08;108.4 kg;1;Estados Unidos;1;1;3;0;0;3;3;1;7;33;3;0;0;0;0;0;7;0;7;0;3;0;0;0;0;7;0;7
Matthews;Wesley;Dallas Mavericks;Al-Ar;1.96;99.8 kg;7;Estados Unidos;0;0;0;0;0;0;0;0;0;0;0;0;0;0;0;0;0;0;0;0;0;0;0;0;0
Mbah;a;LA Clippers;Al;2.03;104.3 kg;8;Camarões;0;0;0;0;0;0;0;0;0;0;0;0;0;0;0;0;0;0;0;0;0;0;0;0;0
McAdoo;James;Golden State Warriors;Al;2.06;108.9 kg;2;Estados Unidos;0;0;0;0;0;0;0;0;0;0;0;0;0;0;0;0;0;0;0;0;0;0;0;0;0
McCaw;Patrick;Golden State Warriors;Ar;2.01;83.9 kg;0;Estados Unidos;0;0;0;0;0;0;0;0;0;0;0;0;0;0;0;0;0;0;0;0;0;0;0;0;0
McClellan;Sheldon;Washington Wizards;Al-Ar;1.98;90.7 kg;0;Estados Unidos;0;0;0;0;0;0;0;0;0;0;0;0;0;0;0;0;0;0;0;0;0;0;0;0;0
McCollum;CJ;Portland Trail Blazers;Ar;1.90;86.2 kg;3;Estados Unidos;0;0;0;0;0;0;0;0;0;0;0;0;0;0;0;0;0;0;0;0;0;0;0;0;0
McConnell;T.J.;Filadélfia Sixers;Ar;1.88;90.7 kg;1;Estados Unidos;0;0;0;0;0;0;0;0;0;0;0;0;0;0;0;0;0;0;0;0;0;0;0;0;0
McCullough;Chris;Washington Wizards;Al;2.06;97.5 kg;1;Estados Unidos;0;0;0;0;0;0;0;0;0;0;0;0;0;0;0;0;0;0;0;0;0;0;0;0;0
McDaniels;KJ;Brooklyn Nets;Al-Ar;1.98;93.0 kg;2;Estados Unidos;0;0;0;0;0;0;0;0;0;0;0;0;0;0;0;0;0;0;0;0;0;0;0;0;0
McDermott;Doug;Oklahoma City Thunder;Al;2.03;99.3 kg;2;Estados Unidos;0;0;0;0;0;0;0;0;0;0;0;0;0;0;0;0;0;0;0;0;0;0;0;0;0
McGee;JaVale;Golden State Warriors;P;2.13;122.5 kg;8;Estados Unidos;0;0;0;0;0;0;0;0;0;0;0;0;0;0;0;0;0;0;0;0;0;0;0;0;0
McGruder;Rodney;Miami Heat;Ar;1.93;93.0 kg;0;Estados Unidos;0;0;0;0;0;0;0;0;0;0;0;0;0;0;0;0;0;0;0;0;0;0;0;0;0
McLemore;Ben;Sacramento Kings;Ar;1.96;88.5 kg;3;Estados Unidos;0;0;0;0;0;0;0;0;0;0;0;0;0;0;0;0;0;0;0;0;0;0;0;0;0
McRoberts;Josh;Miami Heat;Al;2.08;108.9 kg;9;Estados Unidos;0;0;0;0;0;0;0;0;0;0;0;0;0;0;0;0;0;0;0;0;0;0;0;0;0
Meeks;Jodie;Orlando Magic;Ar;1.93;95.3 kg;7;Estados Unidos;0;0;0;0;0;0;0;0;0;0;0;0;0;0;0;0;0;0;0;0;0;0;0;0;0
Mejri;Salah;Dallas Mavericks;P;2.18;111.1 kg;1;Tunísia;0;0;0;0;0;0;0;0;0;0;0;0;0;0;0;0;0;0;0;0;0;0;0;0;0
Mickey;Jordan;Boston Celtics;Al;2.03;106.6 kg;1;Estados Unidos;1;1;0;0;0;0;0;0;0;0;0;0;0;0;0;0;0;0;0;0;0;0;0;0;0;0;0;0;0
Middleton;Khris;Milwaukee Bucks;Al-Ar;2.03;106.1 kg;4;Estados Unidos;6;6;4;7;5;3;38;516;239;736;8;81;8;0;0;4;7;2;0;0;0;1;82;814;5
Miles;CJ;Indiana Pacers;Al/Ar;1.98;102.1 kg;11;Estados Unidos;0;0;0;0;0;0;0;0;0;0;0;0;0;0;0;0;0;0;0;0;0;0;0;0;0
Miller;Mike;Denver Nuggets;Al-Ar;2.03;98.9 kg;16;Estados Unidos;0;0;0;0;0;0;0;0;0;0;0;0;0;0;0;0;0;0;0;0;0;0;0;0;0
Mills;Patty;San Antonio Spurs;Ar;1.83;83.9 kg;7;Austrália;8;1;1;8;1;5;20;9;8;0;48;2;48;5;83;3;0;0;1;8;0;3;0;0;1;12;1;9;4
Millsap;Elijah;Phoenix Suns;Al-Ar;2.01;97.5 kg;2;Estados Unidos;0;0;0;0;0;0;0;0;0;0;0;0;0;0;0;0;0;0;0;0;0;0;0;0;0
Millsap;Paul;Atlanta Hawks;Al;2.03;111.6 kg;10;Estados Unidos;6;6;9;3;4;3;36;526;750;517;6;81;1;1;5;7;8;1;7;0;7;3;83;224;3
Mirotic;Nikola;Chicago Bulls;Al;2.08;108.0 kg;2;Montenegro;6;6;5;0;1;5;27;0;9;8;34;0;28;6;80;0;0;7;4;3;0;7;0;5;0;72;7;8;7
Monroe;Greg;Milwaukee Bucks;P;2.11;120.2 kg;6;Estados Unidos;6;1;7;3;1;7;23;517;352;9;0;0;83;3;2;8;4;5;1;3;0;5;1;82;713;2
Moore;E'Twaun;Nova Orleans Pelicans;Ar;1.93;86.6 kg;5;Estados Unidos;0;0;0;0;0;0;0;0;0;0;0;0;0;0;0;0;0;0;0;0;0;0;0;0;0
Morris;Marcus;Detroit Pistons;Al;2.06;106.6 kg;5;Estados Unidos;0;0;0;0;0;0;0;0;0;0;0;0;0;0;0;0;0;0;0;0;0;0;0;0;0
Morris;Markieff;Washington Wizards;Al;2.08;111.1 kg;5;Estados Unidos;8;8;5;3;1;3;26;311;9;40;2;31;6;75;0;1;0;4;3;0;6;1;8;1;04;011;0
Morrow;Anthony;Chicago Bulls;Ar;1.96;95.3 kg;8;Estados Unidos;3;1;1;0;0;7;9;7;4;3;55;6;0;0;100;0;0;0;1;0;0;0;0;0;0;0;7;4;0
Motiejunas;Donatas;Nova Orleans Pelicans;Al-P;2.13;100.7 kg;4;Lituânia;0;0;0;0;0;0;0;0;0;0;0;0;0;0;0;0;0;0;0;0;0;0;0;0;0
Mozgov;Timofey;Los Angeles Lakers;P;2.16;124.7 kg;6;Rússia;0;0;0;0;0;0;0;0;0;0;0;0;0;0;0;0;0;0;0;0;0;0;0;0;0
Mudiay;Emmanuel;Denver Nuggets;Ar;1.96;90.7 kg;1;Democratic Republic of the Congo;0;0;0;0;0;0;0;0;0;0;0;0;0;0;0;0;0;0;0;0;0;0;0;0;0
Muhammad;Shabazz;Minnesota Timberwolves;Al;1.98;101.2 kg;3;Estados Unidos;0;0;0;0;0;0;0;0;0;0;0;0;0;0;0;0;0;0;0;0;0;0;0;0;0
Murray;Dejounte;San Antonio Spurs;Ar;1.96;77.1 kg;0;Estados Unidos;4;1;0;8;1;0;5;8;2;0;14;3;0;0;77;8;0;0;0;8;0;3;0;0;0;30;8;2;3
Murray;Jamal;Denver Nuggets;Ar;1.93;93.9 kg;0;Canadá;0;0;0;0;0;0;0;0;0;0;0;0;0;0;0;0;0;0;0;0;0;0;0;0;0
Muscala;Mike;Atlanta Hawks;Al-P;2.11;108.9 kg;3;Estados Unidos;6;1;2;7;0;3;13;5;4;0;27;8;0;0;87;5;1;0;1;7;0;2;0;5;0;22;0;2;8
Nance;Jr.;Los Angeles Lakers;Al;2.06;104.3 kg;1;Estados Unidos;0;0;0;0;0;0;0;0;0;0;0;0;0;0;0;0;0;0;0;0;0;0;0;0;0
Napier;Shabazz;Portland Trail Blazers;Ar;1.85;79.4 kg;2;Estados Unidos;4;1;1;0;0;8;11;8;5;8;42;1;45;5;75;0;0;3;0;8;0;5;0;0;0;01;5;6;8
Ndour;Maurice;Nova York Knicks;Al;2.06;90.7 kg;0;Senegal;0;0;0;0;0;0;0;0;0;0;0;0;0;0;0;0;0;0;0;0;0;0;0;0;0
Nelson;Jameer;Denver Nuggets;Ar;1.83;86.2 kg;12;Estados Unidos;0;0;0;0;0;0;0;0;0;0;0;0;0;0;0;0;0;0;0;0;0;0;0;0;0
Nene;Houston;Al-P;2.11;113.4 kg;14;Brasil
Neto;Raul;Utah Jazz;Ar;1.85;81.2 kg;1;Brasil;6;1;0;7;0;3;6;2;2;7;66;7;66;7;0;0;0;0;0;7;0;0;0;2;0;30;8;2;3
Niang;Georges;Indiana Pacers;Al;2.03;104.3 kg;0;Estados Unidos;1;1;0;0;0;0;0;0;0;0;0;0;0;0;0;0;0;0;0;0;0;0;0;0;0;0;0;0;0
Nicholson;Andrew;Brooklyn Nets;Al;2.06;113.4 kg;4;Canadá;0;0;0;0;0;0;0;0;0;0;0;0;0;0;0;0;0;0;0;0;0;0;0;0;0
Noah;Joakim;Nova York Knicks;P;2.11;104.3 kg;9;Estados Unidos;0;0;0;0;0;0;0;0;0;0;0;0;0;0;0;0;0;0;0;0;0;0;0;0;0
Noel;Nerlens;Dallas Mavericks;Al-P;2.11;103.4 kg;2;Estados Unidos;0;0;0;0;0;0;0;0;0;0;0;0;0;0;0;0;0;0;0;0;0;0;0;0;0
Nogueira;Lucas;Toronto Raptors;P;2.13;99.8 kg;2;Brasil;3;1;1;7;0;0;2;3;2;0;50;0;0;0;50;0;0;7;1;0;0;0;0;0;0;0;3;1;0
Nowitzki;Dirk;Dallas Mavericks;Al;2.13;111.1 kg;18;Alemanha;0;0;0;0;0;0;0;0;0;0;0;0;0;0;0;0;0;0;0;0;0;0;0;0;0
Nurkic;Jusuf;Portland Trail Blazers;P;2.13;127.0 kg;2;Bosnia e Herzegovina;1;1;11;0;4;0;17;013;0;33;3;0;0;0;0;0;011;0;0;0;1;0;3;01;0;2;0
Nwaba;David;Los Angeles Lakers;Ar;1.93;94.8 kg;0;Estados Unidos;0;0;0;0;0;0;0;0;0;0;0;0;0;0;0;0;0;0;0;0;0;0;0;0;0
O'Bryant;III;Charlotte Hornets;Al-P;2.06;116.6 kg;2;Estados Unidos;0;0;0;0;0;0;0;0;0;0;0;0;0;0;0;0;0;0;0;0;0;0;0;0;0
O'Quinn;Kyle;Nova York Knicks;Al-P;2.08;113.4 kg;4;Estados Unidos;0;0;0;0;0;0;0;0;0;0;0;0;0;0;0;0;0;0;0;0;0;0;0;0;0
Ochefu;Daniel;Washington Wizards;Al;2.11;111.1 kg;0;Estados Unidos;4;1;0;3;0;0;1;3;-0;3;0;0;0;0;0;0;0;0;0;3;0;0;0;0;0;30;3;0;0
Okafor;Jahlil;Filadélfia Sixers;P;2.11;124.7 kg;1;Estados Unidos;0;0;0;0;0;0;0;0;0;0;0;0;0;0;0;0;0;0;0;0;0;0;0;0;0
Oladipo;Victor;Oklahoma City Thunder;Ar;1.93;95.3 kg;3;Estados Unidos;5;5;5;6;2;0;36;211;2;34;4;24;0;100;0;0;4;5;2;1;4;0;6;1;23;410;8
Olynyk;Kelly;Boston Celtics;Al-P;2.13;108.0 kg;3;Estados Unidos;8;1;3;6;2;1;19;311;6;55;8;47;6;55;6;0;9;2;8;0;8;0;8;1;42;8;9;1
Onuaku;Chinanu;Houston Rockets;Al-P;2.08;111.1 kg;0;Estados Unidos;1;1;0;0;0;0;0;0;0;0;0;0;0;0;0;0;0;0;0;0;0;0;0;0;0;0;0;0;0
Oubre;Jr.;Washington Wizards;Al;2.01;93.0 kg;1;Estados Unidos;0;0;0;0;0;0;0;0;0;0;0;0;0;0;0;0;0;0;0;0;0;0;0;0;0
Pachulia;Zaza;Golden State Warriors;P;2.11;124.7 kg;13;Geórgia;5;5;3;8;0;6;14;4;9;2;53;8;0;0;100;0;0;4;3;4;0;6;0;4;0;81;8;7;0
Papagiannis;Georgios;Sacramento Kings;P;2.16;108.9 kg;0;Grécia;0;0;0;0;0;0;0;0;0;0;0;0;0;0;0;0;0;0;0;0;0;0;0;0;0
Parker;Jabari;Milwaukee Bucks;Al;2.03;113.4 kg;2;Estados Unidos;1;1;0;0;0;0;0;0;0;0;0;0;0;0;0;0;0;0;0;0;0;0;0;0;0;0;0;0;0
Parker;Tony;San Antonio Spurs;Ar;1.88;83.9 kg;15;Belgium;7;7;2;4;3;0;26;413;951;252;9100;0;1;2;3;0;4;0;0;1;71;315;6
Parsons;Chandler;Memphis Grizzlies;Al;2.08;104.3 kg;5;Estados Unidos;1;1;0;0;0;0;0;0;0;0;0;0;0;0;0;0;0;0;0;0;0;0;0;0;0;0;0;0;0
Patterson;Patrick;Toronto Raptors;Al;2.06;106.6 kg;6;Estados Unidos;8;1;2;3;2;0;19;3;5;8;29;4;33;3;100;0;0;1;2;1;0;8;0;1;0;60;4;4;3
Paul;Chris;LA Clippers;Ar;1.83;79.4 kg;11;Estados Unidos;7;7;5;0;9;9;37;129;049;636;8;87;9;0;6;4;4;1;7;0;1;2;73;425;3
Payne;Adreian;Minnesota Timberwolves;Al;2.08;107.5 kg;2;Estados Unidos;0;0;0;0;0;0;0;0;0;0;0;0;0;0;0;0;0;0;0;0;0;0;0;0;0
Payne;Cameron;Chicago Bulls;Ar;1.90;83.9 kg;1;Estados Unidos;1;1;1;0;0;0;4;0;2;0;50;0;100;0;0;0;0;0;1;0;0;0;0;0;1;0;0;3;0
Payton;Elfrid;Orlando Magic;Ar;1.93;83.9 kg;2;Estados Unidos;0;0;0;0;0;0;0;0;0;0;0;0;0;0;0;0;0;0;0;0;0;0;0;0;0
Payton;II;Milwaukee Bucks;Ar;1.90;86.2 kg;0;Estados Unidos;0;0;0;0;0;0;0;0;0;0;0;0;0;0;0;0;0;0;0;0;0;0;0;0;0
Pekovic;Nikola;Minnesota Timberwolves;P;2.11;139.3 kg;6;Montenegro;0;0;0;0;0;0;0;0;0;0;0;0;0;0;0;0;0;0;0;0;0;0;0;0;0
Pierce;Paul;LA Clippers;Al;2.01;106.6 kg;18;Estados Unidos;7;1;2;0;1;0;14;4;4;3;44;4;40;0;100;0;3;1;7;0;3;0;0;0;61;6;3;0
Plumlee;Marshall;Nova York Knicks;P;2.13;113.4 kg;0;Estados Unidos;0;0;0;0;0;0;0;0;0;0;0;0;0;0;0;0;0;0;0;0;0;0;0;0;0
Plumlee;Mason;Denver Nuggets;P;2.11;115.7 kg;3;Estados Unidos;0;0;0;0;0;0;0;0;0;0;0;0;0;0;0;0;0;0;0;0;0;0;0;0;0
Plumlee;Miles;Charlotte Hornets;P;2.11;112.9 kg;4;Estados Unidos;0;0;0;0;0;0;0;0;0;0;0;0;0;0;0;0;0;0;0;0;0;0;0;0;0
Poeltl;Jakob;Toronto Raptors;P;2.13;104.3 kg;0;Austria;6;1;2;0;0;0;4;3;2;7;45;5;0;0;0;0;1;0;1;0;0;2;0;2;0;0;5;1;7
Pondexter;Quincy;Nova Orleans Pelicans;Al-Ar;2.01;102.1 kg;5;Estados Unidos;0;0;0;0;0;0;0;0;0;0;0;0;0;0;0;0;0;0;0;0;0;0;0;0;0
Porter;Jr.;Washington Wizards;Al;2.03;89.8 kg;3;Estados Unidos;0;0;0;0;0;0;0;0;0;0;0;0;0;0;0;0;0;0;0;0;0;0;0;0;0
Portis;Bobby;Chicago Bulls;Al;2.11;111.6 kg;1;Estados Unidos;6;1;6;0;1;2;20;2;11;2;51;5;46;2;0;0;0;8;5;2;0;5;0;5;1;01;7;6;7
Porzingis;Kristaps;Nova York Knicks;Al;2.21;108.9 kg;1;Letônia;0;0;0;0;0;0;0;0;0;0;0;0;0;0;0;0;0;0;0;0;0;0;0;0;0
Powell;Dwight;Dallas Mavericks;Al-P;2.11;108.9 kg;2;Canadá;0;0;0;0;0;0;0;0;0;0;0;0;0;0;0;0;0;0;0;0;0;0;0;0;0
Powell;Norman;Toronto Raptors;Ar;1.93;97.5 kg;1;Estados Unidos;6;3;2;5;1;5;23;511;848;966;7;80;0;0;3;2;2;1;2;0;3;1;32;512;3
Poythress;Alex;Filadélfia Sixers;Al;2.01;108.0 kg;0;Estados Unidos;0;0;0;0;0;0;0;0;0;0;0;0;0;0;0;0;0;0;0;0;0;0;0;0;0
Price;Ronnie;Phoenix Suns;Ar;1.88;86.2 kg;11;;0;0;0;0;0;0;0;0;0;0;0;0;0;0;0;0;0;0;0;0;0;0;0;0;0
Prince;Taurean;Atlanta Hawks;Al;2.03;99.8 kg;0;Estados Unidos;6;6;5;3;1;3;31;213;3;55;8;28;6;100;0;1;2;4;2;0;3;0;2;1;21;511;2
Quarterman;Tim;Portland Trail Blazers;Ar;1.98;86.2 kg;0;Estados Unidos;2;1;0;0;0;5;3;5;1;5;50;0;50;0;0;0;0;0;0;0;0;0;0;0;0;0;5;1;5
Randle;Chasson;Nova York Knicks;Ar;1.88;83.9 kg;0;Estados Unidos;0;0;0;0;0;0;0;0;0;0;0;0;0;0;0;0;0;0;0;0;0;0;0;0;0
Randle;Julius;Los Angeles Lakers;Al;2.06;113.4 kg;2;Estados Unidos;0;0;0;0;0;0;0;0;0;0;0;0;0;0;0;0;0;0;0;0;0;0;0;0;0
Randolph;Zach;Memphis Grizzlies;Al;2.06;117.9 kg;15;Estados Unidos;4;8;2;0;7;31;813;542;214;3;72;7;1;5;6;7;0;8;0;3;1;22;313;2
Redick;JJ;LA Clippers;Ar;1.93;86.2 kg;10;Estados Unidos;0;0;0;0;0;0;0;0;0;0;0;0;0;0;0;0;0;0;0;0;0;0;0;0;0
Reed;Willie;Miami Heat;Al-P;2.11;111.1 kg;1;Estados Unidos;0;0;0;0;0;0;0;0;0;0;0;0;0;0;0;0;0;0;0;0;0;0;0;0;0
Richardson;Josh;Miami Heat;Ar;1.98;90.7 kg;1;Estados Unidos;0;0;0;0;0;0;0;0;0;0;0;0;0;0;0;0;0;0;0;0;0;0;0;0;0
Richardson;Malachi;Sacramento Kings;Ar;1.98;93.0 kg;0;Estados Unidos;0;0;0;0;0;0;0;0;0;0;0;0;0;0;0;0;0;0;0;0;0;0;0;0;0
Rivers;Austin;LA Clippers;Ar;1.93;90.7 kg;4;Estados Unidos;3;2;2;7;0;7;30;0;4;7;34;6;30;8;100;0;0;3;2;3;0;3;0;3;1;72;0;8;0
Roberson;Andre;Oklahoma City Thunder;Al;2.01;95.3 kg;3;Estados Unidos;5;5;6;2;1;8;37;016;0;52;2;41;2;14;3;3;6;2;6;2;4;3;4;1;43;011;6
Roberts;Brian;Charlotte Hornets;Ar;1.85;78.5 kg;4;Estados Unidos;0;0;0;0;0;0;0;0;0;0;0;0;0;0;0;0;0;0;0;0;0;0;0;0;0
Robinson;Thomas;Los Angeles Lakers;Al;2.08;107.5 kg;4;Estados Unidos;0;0;0;0;0;0;0;0;0;0;0;0;0;0;0;0;0;0;0;0;0;0;0;0;0
Robinson;III;Indiana Pacers;Al-Ar;1.98;100.7 kg;2;Estados Unidos;0;0;0;0;0;0;0;0;0;0;0;0;0;0;0;0;0;0;0;0;0;0;0;0;0
Rodriguez;Sergio;Filadélfia Sixers;Ar;1.90;79.8 kg;4;Espanha;0;0;0;0;0;0;0;0;0;0;0;0;0;0;0;0;0;0;0;0;0;0;0;0;0
Rondo;Rajon;Chicago Bulls;Ar;1.85;84.4 kg;10;Estados Unidos;2;2;8;5;10;033;524;0;42;3;0;0;50;0;3;5;5;0;3;5;0;5;2;03;011;5
Rose;Derrick;Nova York Knicks;Ar;1.90;86.2 kg;7;Estados Unidos;0;0;0;0;0;0;0;0;0;0;0;0;0;0;0;0;0;0;0;0;0;0;0;0;0
Ross;Terrence;Orlando Magic;Al;2.01;88.5 kg;4;Estados Unidos;0;0;0;0;0;0;0;0;0;0;0;0;0;0;0;0;0;0;0;0;0;0;0;0;0
Rozier;Terry;Boston Celtics;Ar;1.88;86.2 kg;1;Estados Unidos;7;1;3;4;1;6;18;3;9;9;42;9;45;0;90;0;0;4;3;0;0;6;0;4;0;01;3;6;9
Rubio;Ricky;Minnesota Timberwolves;Ar;1.93;86.2 kg;5;Espanha;0;0;0;0;0;0;0;0;0;0;0;0;0;0;0;0;0;0;0;0;0;0;0;0;0
Rudez;Damjan;Orlando Magic;Al;2.08;103.4 kg;2;Croácia;0;0;0;0;0;0;0;0;0;0;0;0;0;0;0;0;0;0;0;0;0;0;0;0;0
Rush;Brandon;Minnesota Timberwolves;Al-Ar;1.98;102.1 kg;8;Estados Unidos;0;0;0;0;0;0;0;0;0;0;0;0;0;0;0;0;0;0;0;0;0;0;0;0;0
Russell;D;Los Angeles Lakers;Ar;1.96;88.5 kg;1;Estados Unidos;0;0;0;0;0;0;0;0;0;0;0;0;0;0;0;0;0;0;0;0;0;0;0;0;0
Sabonis;Domantas;Oklahoma City Thunder;Al;2.11;108.9 kg;0;Lituânia;2;1;1;0;0;0;3;0;2;5;0;0;0;0;100;0;0;1;0;0;5;0;5;0;02;0;2;0
Saric;Dario;Filadélfia Sixers;Al;2.08;101.2 kg;0;Croácia;0;0;0;0;0;0;0;0;0;0;0;0;0;0;0;0;0;0;0;0;0;0;0;0;0
Satoransky;Tomas;Washington Wizards;Al-Ar;2.01;95.3 kg;0;República Tcheca;6;1;0;2;0;3;2;3;0;3;0;0;0;0;0;0;0;0;0;2;0;2;0;0;0;30;3;0;0
Schroder;Dennis;Atlanta Hawks;Ar;1.85;78.0 kg;3;Alemanha;6;6;2;3;7;7;35;223;045;542;5;83;8;0;7;1;7;1;0;0;0;1;73;224;7
Sefolosha;Thabo;Atlanta Hawks;Al;2.01;99.8 kg;10;Suíça;4;1;0;0;0;0;2;3;-0;8;0;0;0;0;25;0;0;0;0;0;0;0;0;0;0;0;3;0;3
Selden;Wayne;Memphis Grizzlies;Ar;1.96;104.3 kg;0;Estados Unidos;6;2;1;5;1;2;17;7;3;5;34;6;18;2;75;0;0;5;1;0;0;2;0;2;0;31;3;3;8
Seraphin;Kevin;Indiana Pacers;Al-P;2.08;126.1 kg;6;França;4;1;3;5;1;0;14;8;7;3;46;2;0;0;71;4;2;0;1;5;0;0;0;5;1;02;5;7;3
Sessions;Ramon;Charlotte Hornets;Ar;1.90;86.2 kg;9;Estados Unidos;0;0;0;0;0;0;0;0;0;0;0;0;0;0;0;0;0;0;0;0;0;0;0;0;0
Shumpert;Iman;Cleveland Cavaliers;Ar;1.96;99.8 kg;5;Estados Unidos;5;1;2;6;0;8;19;0;7;2;55;0;44;4;100;0;0;0;2;6;0;4;0;2;0;42;4;5;4
Siakam;Pascal;Toronto Raptors;Al;2.06;104.3 kg;0;Camarões;2;1;1;5;0;5;5;0;1;5;0;0;0;0;0;0;1;0;0;5;0;5;0;0;0;0;5;0;0
Simmons;Ben;Filadélfia Sixers;Al;2.08;108.9 kg;0;Austrália;0;0;0;0;0;0;0;0;0;0;0;0;0;0;0;0;0;0;0;0;0;0;0;0;0
Simmons;Jonathon;San Antonio Spurs;Al-Ar;1.98;88.5 kg;1;Estados Unidos;7;1;0;7;1;0;13;6;4;9;50;0;44;4;63;6;0;1;0;6;0;0;0;1;0;31;3;6;1
Singler;Kyle;Oklahoma City Thunder;Al;2.03;103.4 kg;4;Estados Unidos;1;1;1;0;0;0;10;0;0;0;0;0;0;0;0;0;0;0;1;0;0;0;0;0;0;02;0;0;0
Smart;Marcus;Boston Celtics;Ar;1.93;99.8 kg;2;Estados Unidos;8;1;4;9;4;8;31;313;4;38;3;36;4;45;5;1;5;3;4;1;8;1;1;1;62;5;7;9
Smith;Ish;Detroit Pistons;Ar;1.83;79.4 kg;6;Estados Unidos;0;0;0;0;0;0;0;0;0;0;0;0;0;0;0;0;0;0;0;0;0;0;0;0;0
Smith;JR;Cleveland Cavaliers;Ar;1.98;102.1 kg;12;Estados Unidos;0;0;0;0;0;0;0;0;0;0;0;0;0;0;0;0;0;0;0;0;0;0;0;0;0
Smith;Jason;Washington Wizards;Al-P;2.13;108.9 kg;8;Estados Unidos;8;1;2;8;0;4;15;8;4;9;43;8;30;0;66;7;1;0;1;8;0;3;0;6;1;03;0;4;4
Snell;Tony;Milwaukee Bucks;Al-Ar;2.01;98.4 kg;3;Estados Unidos;6;6;2;3;1;5;30;810;2;50;0;51;6;0;0;0;3;2;0;0;2;0;2;0;32;810;0
Speights;Marreese;LA Clippers;Al-P;2.08;115.7 kg;8;Estados Unidos;7;2;2;9;0;4;14;0;6;7;43;2;35;0;70;0;0;6;2;3;0;3;0;4;0;41;9;6;6
Splitter;Tiago;Filadélfia Sixers;Al-P;2.11;111.1 kg;6;Brasil;0;0;0;0;0;0;0;0;0;0;0;0;0;0;0;0;0;0;0;0;0;0;0;0;0
Stauskas;Nik;Filadélfia Sixers;Ar;1.98;93.0 kg;2;Canadá;0;0;0;0;0;0;0;0;0;0;0;0;0;0;0;0;0;0;0;0;0;0;0;0;0
Stephenson;Lance;Indiana Pacers;Ar;1.96;104.3 kg;6;Estados Unidos;4;1;5;3;2;8;26;816;850;938;9;75;0;0;3;5;0;0;5;0;0;1;02;816;0
Stone;Diamond;LA Clippers;P;2.11;115.7 kg;0;Estados Unidos;1;1;0;0;0;0;0;0;0;0;0;0;0;0;0;0;0;0;0;0;0;0;0;0;0;0;0;0;0
Tavares;Edy;Cleveland Cavaliers;P;2.21;120.2 kg;1;Cabo Verde;1;1;0;0;0;0;0;0;0;0;0;0;0;0;0;0;0;0;0;0;0;0;0;0;0;0;0;0;0
Taylor;Isaiah;Houston Rockets;Ar;1.90;77.1 kg;0;Estados Unidos;1;1;0;0;1;0;4;0;1;0;0;0;0;0;0;0;0;0;0;0;0;0;0;0;0;01;0;0;0
Teague;Jeff;Indiana Pacers;Ar;1.88;84.4 kg;7;Estados Unidos;4;4;3;3;6;3;35;519;848;952;9;83;3;0;0;3;3;1;0;0;8;2;03;017;0
Teletovic;Mirza;Milwaukee Bucks;Al;2.06;111.1 kg;4;Bosnia;3;1;1;0;0;0;9;0;0;3;16;7;25;0;0;0;0;0;1;0;0;3;0;0;0;31;0;1;0
Temple;Garrett;Sacramento Kings;Ar;1.98;88.5 kg;6;Estados Unidos;0;0;0;0;0;0;0;0;0;0;0;0;0;0;0;0;0;0;0;0;0;0;0;0;0
Terry;Jason;Milwaukee Bucks;Ar;1.88;83.9 kg;17;Estados Unidos;6;1;1;3;0;8;11;3;3;0;33;3;20;0;100;0;3;1;0;0;5;0;2;0;31;2;2;5
Thomas;Isaiah;Boston Celtics;Ar;1.75;83.9 kg;5;Estados Unidos;8;8;3;9;5;9;36;523;846;227;9;83;6;0;4;3;5;1;1;0;1;3;32;128;0
Thomas;Lance;Nova York Knicks;Al;2.03;106.6 kg;5;Estados Unidos;0;0;0;0;0;0;0;0;0;0;0;0;0;0;0;0;0;0;0;0;0;0;0;0;0
Thompson;Klay;Golden State Warriors;Ar;2.01;97.5 kg;5;Estados Unidos;5;5;2;2;1;4;33;610;440;038;9;76;9;0;6;1;6;0;8;0;4;1;81;817;6
Thompson;Tristan;Cleveland Cavaliers;P;2.06;108.0 kg;5;Canadá;6;6;11;2;1;2;32;016;7;52;8;0;0;56;3;5;3;5;8;0;5;1;0;1;02;2;7;8
Tolliver;Anthony;Sacramento Kings;Al;2.03;108.9 kg;8;Estados Unidos;0;0;0;0;0;0;0;0;0;0;0;0;0;0;0;0;0;0;0;0;0;0;0;0;0
Toupane;Axel;Nova Orleans Pelicans;Al-Ar;2.01;95.3 kg;1;França;0;0;0;0;0;0;0;0;0;0;0;0;0;0;0;0;0;0;0;0;0;0;0;0;0
Towns;Karl;Minnesota Timberwolves;P;2.13;110.7 kg;1;Estados Unidos;0;0;0;0;0;0;0;0;0;0;0;0;0;0;0;0;0;0;0;0;0;0;0;0;0
Tucker;PJ;Toronto Raptors;Al;1.98;111.1 kg;5;Estados Unidos;0;0;0;0;0;0;0;0;0;0;0;0;0;0;0;0;0;0;0;0;0;0;0;0;0
Turner;Evan;Portland Trail Blazers;Al-Ar;2.01;99.8 kg;6;Estados Unidos;4;4;5;8;3;8;31;014;0;36;4;33;3;75;0;0;8;5;0;1;8;0;5;1;81;810;3
Turner;Myles;Indiana Pacers;P;2.11;110.2 kg;1;Estados Unidos;4;4;6;8;0;8;33;312;8;43;2;0;0;62;5;1;5;5;3;1;8;1;3;1;53;810;8
Udrih;Beno;Detroit Pistons;Ar;1.90;93.0 kg;12;Eslovênia;0;0;0;0;0;0;0;0;0;0;0;0;0;0;0;0;0;0;0;0;0;0;0;0;0
Ulis;Tyler;Phoenix Suns;Ar;1.78;68.0 kg;0;Estados Unidos;0;0;0;0;0;0;0;0;0;0;0;0;0;0;0;0;0;0;0;0;0;0;0;0;0
Uthoff;Jarrod;Dallas Mavericks;Al;2.06;100.2 kg;0;Estados Unidos;0;0;0;0;0;0;0;0;0;0;0;0;0;0;0;0;0;0;0;0;0;0;0;0;0
Valanciunas;Jonas;Toronto Raptors;P;2.13;115.7 kg;4;Lituânia;8;4;6;8;0;3;20;912;1;53;3;0;0;72;4;0;9;5;9;0;1;0;4;1;52;310;6
Valentine;Denzel;Chicago Bulls;Ar;1.98;96.2 kg;0;Estados Unidos;4;1;2;0;0;5;5;5;2;5;33;3;25;0;0;0;0;0;2;0;0;0;0;3;0;50;3;1;3
VanVleet;Fred;Toronto Raptors;Ar;1.83;88.5 kg;0;Estados Unidos;0;0;0;0;0;0;0;0;0;0;0;0;0;0;0;0;0;0;0;0;0;0;0;0;0
Vaughn;Rashad;Milwaukee Bucks;Ar;1.98;91.6 kg;1;Estados Unidos;3;1;0;0;0;0;3;3;1;3;50;0;100;0;0;0;0;0;0;0;0;0;0;0;0;0;0;2;0
Vonleh;Noah;Portland Trail Blazers;Al;2.06;111.1 kg;2;Estados Unidos;4;2;7;3;2;0;25;0;10;0;44;4;0;0;40;0;2;3;5;0;0;3;0;8;1;52;8;4;5
Vucevic;Nikola;Orlando Magic;P;2.13;117.9 kg;5;Montenegro;0;0;0;0;0;0;0;0;0;0;0;0;0;0;0;0;0;0;0;0;0;0;0;0;0
Vujacic;Sasha;Nova York Knicks;Ar;2.01;88.5 kg;9;Eslovênia;0;0;0;0;0;0;0;0;0;0;0;0;0;0;0;0;0;0;0;0;0;0;0;0;0
Wade;Dwyane;Chicago Bulls;Ar;1.93;99.8 kg;13;Estados Unidos;6;6;5;0;4;0;31;715;337;235;3;95;2;1;0;4;0;0;8;1;3;1;71;315;0
Waiters;Dion;Miami Heat;Ar;1.93;99.8 kg;4;Estados Unidos;0;0;0;0;0;0;0;0;0;0;0;0;0;0;0;0;0;0;0;0;0;0;0;0;0
Walker;Kemba;Charlotte Hornets;Ar;1.85;83.5 kg;5;Estados Unidos;0;0;0;0;0;0;0;0;0;0;0;0;0;0;0;0;0;0;0;0;0;0;0;0;0
Wall;John;Washington Wizards;Ar;1.93;95.3 kg;6;Estados Unidos;8;8;3;9;11;439;831;051;238;2;81;4;0;3;3;6;1;8;1;1;4;92;029;6
Warren;TJ;Phoenix Suns;Al;2.03;102.1 kg;2;Estados Unidos;0;0;0;0;0;0;0;0;0;0;0;0;0;0;0;0;0;0;0;0;0;0;0;0;0
Watson;C.J.;Orlando Magic;Ar;1.88;79.4 kg;9;Estados Unidos;0;0;0;0;0;0;0;0;0;0;0;0;0;0;0;0;0;0;0;0;0;0;0;0;0
Weber;Briante;Charlotte Hornets;Ar;1.88;74.8 kg;1;Estados Unidos;0;0;0;0;0;0;0;0;0;0;0;0;0;0;0;0;0;0;0;0;0;0;0;0;0
West;David;Golden State Warriors;Al;2.06;113.4 kg;13;Estados Unidos;5;1;3;0;3;6;15;0;12;0;61;9;0;0;100;0;0;4;2;6;0;6;1;0;0;61;4;6;0
Westbrook;Russell;Oklahoma City Thunder;Ar;1.90;90.7 kg;8;Estados Unidos;5;5;11;610;838;835;238;826;5;80;0;1;8;9;8;2;4;0;4;6;03;237;4
White;Okaro;Miami Heat;Al;2.03;92.5 kg;0;Estados Unidos;0;0;0;0;0;0;0;0;0;0;0;0;0;0;0;0;0;0;0;0;0;0;0;0;0
Whitehead;Isaiah;Brooklyn Nets;Ar;1.93;96.6 kg;0;Estados Unidos;0;0;0;0;0;0;0;0;0;0;0;0;0;0;0;0;0;0;0;0;0;0;0;0;0
Whiteside;Hassan;Miami Heat;P;2.13;120.2 kg;4;Estados Unidos;0;0;0;0;0;0;0;0;0;0;0;0;0;0;0;0;0;0;0;0;0;0;0;0;0
Wiggins;Andrew;Minnesota Timberwolves;Al;2.03;90.3 kg;2;Canadá;0;0;0;0;0;0;0;0;0;0;0;0;0;0;0;0;0;0;0;0;0;0;0;0;0
Williams;Alan;Phoenix Suns;Al-P;2.03;117.9 kg;1;Estados Unidos;0;0;0;0;0;0;0;0;0;0;0;0;0;0;0;0;0;0;0;0;0;0;0;0;0
Williams;Deron;Cleveland Cavaliers;Ar;1.90;90.7 kg;11;Estados Unidos;6;1;1;3;2;5;16;2;9;3;66;7;66;7;85;7;0;3;1;0;0;3;0;2;0;72;2;7;0
Williams;Derrick;Cleveland Cavaliers;Al;2.03;108.9 kg;5;Estados Unidos;1;1;0;0;0;0;3;0;0;0;0;0;0;0;0;0;0;0;0;0;0;0;1;0;1;0;0;0;0
Williams;Lou;Houston Rockets;Ar;1.85;79.4 kg;11;Estados Unidos;6;1;4;0;1;3;27;515;848;042;3;88;9;1;0;3;0;0;8;0;2;1;32;217;8
Williams;Marvin;Charlotte Hornets;Al;2.06;107.5 kg;11;Estados Unidos;0;0;0;0;0;0;0;0;0;0;0;0;0;0;0;0;0;0;0;0;0;0;0;0;0
Williams;Troy;Houston Rockets;Al;2.01;95.3 kg;0;Estados Unidos;3;1;1;7;0;0;4;3;-0;3;0;0;0;0;50;0;0;3;1;3;0;0;0;0;0;70;0;0;3
Wiltjer;Kyle;Houston Rockets;Al;2.08;108.9 kg;0;Estados Unidos;1;1;0;0;0;0;5;0;3;0;100;0100;0;0;0;0;0;0;0;0;0;0;0;0;0;0;3;0
Winslow;Justise;Miami Heat;Al;2.01;102.1 kg;1;Estados Unidos;0;0;0;0;0;0;0;0;0;0;0;0;0;0;0;0;0;0;0;0;0;0;0;0;0
Withey;Jeff;Utah Jazz;P;2.13;104.8 kg;3;Estados Unidos;3;1;1;3;0;3;7;0;3;0;50;0;0;0;50;0;1;0;0;3;0;3;0;3;0;01;7;1;7
Wood;Christian;Charlotte Hornets;Al;2.11;99.8 kg;1;Estados Unidos;0;0;0;0;0;0;0;0;0;0;0;0;0;0;0;0;0;0;0;0;0;0;0;0;0
World;Peace;Los Angeles Lakers;Al;2.01;117.9 kg;16;Estados Unidos;0;0;0;0;0;0;0;0;0;0;0;0;0;0;0;0;0;0;0;0;0;0;0;0;0
Wright;Brandan;Memphis Grizzlies;Al;2.08;95.3 kg;8;Estados Unidos;1;1;0;0;0;6;0;2;0;40;0;0;0;0;0;0;5;0;5;0;0;1;0;0;50;0;2;0
Wright;Delon;Toronto Raptors;Ar;1.96;86.2 kg;1;Estados Unidos;8;1;1;6;1;3;9;9;4;5;53;3;40;0;71;4;0;5;1;1;0;3;0;1;0;50;5;2;9
Young;James;Boston Celtics;Al-Ar;1.98;97.5 kg;2;Estados Unidos;4;1;0;0;0;3;2;0;0;3;25;0;25;0;0;0;0;0;0;0;0;0;0;0;0;0;5;0;8
Young;Joe;Indiana Pacers;Ar;1.88;81.6 kg;1;Estados Unidos;1;1;0;0;0;0;0;0;0;0;0;0;0;0;0;0;0;0;0;0;0;0;0;0;0;0;0;0;0
Young;Nick;Los Angeles Lakers;Al-Ar;2.01;95.3 kg;9;Estados Unidos;0;0;0;0;0;0;0;0;0;0;0;0;0;0;0;0;0;0;0;0;0;0;0;0;0
Young;Thaddeus;Indiana Pacers;Al;2.03;100.2 kg;9;Estados Unidos;0;0;0;0;0;0;0;0;0;0;0;0;0;0;0;0;0;0;0;0;0;0;0;0;0
Zeller;Cody;Charlotte Hornets;P;2.13;108.9 kg;3;Estados Unidos;0;0;0;0;0;0;0;0;0;0;0;0;0;0;0;0;0;0;0;0;0;0;0;0;0
Zeller;Tyler;Boston Celtics;P;2.13;114.8 kg;4;Estados Unidos;3;1;1;7;0;0;5;7;2;0;50;0;0;0;0;0;0;7;1;0;0;0;0;0;0;30;3;1;3
Zimmerman;Stephen;Orlando Magic;P;2.13;108.9 kg;0;Estados Unidos;0;0;0;0;0;0;0;0;0;0;0;0;0;0;0;0;0;0;0;0;0;0;0;0;0
Zipser;Paul;Chicago Bulls;Al;2.03;95.3 kg;0;Alemanha;6;1;3;5;0;5;22;7;7;5;45;5;37;5;100;0;0;5;3;0;0;2;0;2;1;22;0;7;3
Zubac;Ivica;Los Angeles Lakers;P;2.16;108.9 kg;0;Bosnia;0;0;0;0;0;0;0;0;0;0;0;0;0;0;0;0;0;0;0;0;0;0;0;0;0
